[{"model": "admin.logentry", "pk": 1, "fields": {"action_time": "2023-09-28T21:21:43.250Z", "user": 1, "content_type": 6, "object_id": "1", "object_repr": "helix", "action_flag": 2, "change_message": "[{\"changed\": {\"fields\": [\"Is premium\"]}}]"}}, {"model": "admin.logentry", "pk": 2, "fields": {"action_time": "2023-09-29T10:20:55.377Z", "user": 1, "content_type": 9, "object_id": "1", "object_repr": "Block object (1)", "action_flag": 1, "change_message": "[{\"added\": {}}]"}}, {"model": "admin.logentry", "pk": 3, "fields": {"action_time": "2023-09-29T10:21:05.185Z", "user": 1, "content_type": 9, "object_id": "2", "object_repr": "Block object (2)", "action_flag": 1, "change_message": "[{\"added\": {}}]"}}, {"model": "admin.logentry", "pk": 4, "fields": {"action_time": "2023-09-29T10:21:16.386Z", "user": 1, "content_type": 9, "object_id": "3", "object_repr": "Block object (3)", "action_flag": 1, "change_message": "[{\"added\": {}}]"}}, {"model": "admin.logentry", "pk": 5, "fields": {"action_time": "2023-09-29T10:33:03.758Z", "user": 1, "content_type": 9, "object_id": "1", "object_repr": "Basics", "action_flag": 1, "change_message": "[{\"added\": {}}]"}}, {"model": "admin.logentry", "pk": 6, "fields": {"action_time": "2023-09-29T10:33:07.166Z", "user": 1, "content_type": 9, "object_id": "2", "object_repr": "Basic Verbs", "action_flag": 1, "change_message": "[{\"added\": {}}]"}}, {"model": "admin.logentry", "pk": 7, "fields": {"action_time": "2023-09-29T10:33:09.566Z", "user": 1, "content_type": 9, "object_id": "3", "object_repr": "Numbers 1-10", "action_flag": 1, "change_message": "[{\"added\": {}}]"}}, {"model": "admin.logentry", "pk": 8, "fields": {"action_time": "2023-09-29T10:38:40.913Z", "user": 1, "content_type": 9, "object_id": "4", "object_repr": "Alphabet", "action_flag": 1, "change_message": "[{\"added\": {}}]"}}, {"model": "admin.logentry", "pk": 9, "fields": {"action_time": "2023-09-29T10:58:37.040Z", "user": 1, "content_type": 13, "object_id": "1", "object_repr": "WordInfo object (1)", "action_flag": 1, "change_message": "[{\"added\": {}}]"}}, {"model": "admin.logentry", "pk": 10, "fields": {"action_time": "2023-09-29T11:03:18.901Z", "user": 1, "content_type": 13, "object_id": "1", "object_repr": "ა - a", "action_flag": 2, "change_message": "[]"}}, {"model": "admin.logentry", "pk": 11, "fields": {"action_time": "2023-09-29T11:08:17.702Z", "user": 1, "content_type": 13, "object_id": "1", "object_repr": "ა - a", "action_flag": 2, "change_message": "[]"}}, {"model": "admin.logentry", "pk": 12, "fields": {"action_time": "2023-09-29T11:09:50.862Z", "user": 1, "content_type": 13, "object_id": "1", "object_repr": "ა - a", "action_flag": 2, "change_message": "[]"}}, {"model": "admin.logentry", "pk": 13, "fields": {"action_time": "2023-09-29T11:11:01.633Z", "user": 1, "content_type": 13, "object_id": "1", "object_repr": "ა - a", "action_flag": 2, "change_message": "[]"}}, {"model": "admin.logentry", "pk": 14, "fields": {"action_time": "2023-09-29T11:11:47.656Z", "user": 1, "content_type": 13, "object_id": "2", "object_repr": "ბ - b", "action_flag": 1, "change_message": "[{\"added\": {}}]"}}, {"model": "admin.logentry", "pk": 15, "fields": {"action_time": "2023-09-29T11:12:00.735Z", "user": 1, "content_type": 13, "object_id": "3", "object_repr": "გ - g", "action_flag": 1, "change_message": "[{\"added\": {}}]"}}, {"model": "admin.logentry", "pk": 16, "fields": {"action_time": "2023-09-29T11:12:14.167Z", "user": 1, "content_type": 13, "object_id": "4", "object_repr": "დ - d", "action_flag": 1, "change_message": "[{\"added\": {}}]"}}, {"model": "admin.logentry", "pk": 17, "fields": {"action_time": "2023-09-29T11:13:14.326Z", "user": 1, "content_type": 13, "object_id": "1", "object_repr": "ა - ah", "action_flag": 2, "change_message": "[{\"changed\": {\"fields\": [\"Transliteration\", \"Translation\"]}}]"}}, {"model": "admin.logentry", "pk": 18, "fields": {"action_time": "2023-09-29T11:13:36.329Z", "user": 1, "content_type": 13, "object_id": "5", "object_repr": "ე - eh", "action_flag": 1, "change_message": "[{\"added\": {}}]"}}, {"model": "admin.logentry", "pk": 19, "fields": {"action_time": "2023-09-29T11:13:53.458Z", "user": 1, "content_type": 13, "object_id": "6", "object_repr": "ვ - v", "action_flag": 1, "change_message": "[{\"added\": {}}]"}}, {"model": "admin.logentry", "pk": 20, "fields": {"action_time": "2023-09-29T11:14:03.067Z", "user": 1, "content_type": 13, "object_id": "7", "object_repr": "ზ - z", "action_flag": 1, "change_message": "[{\"added\": {}}]"}}, {"model": "admin.logentry", "pk": 21, "fields": {"action_time": "2023-09-29T11:14:20.483Z", "user": 1, "content_type": 13, "object_id": "8", "object_repr": "თ - t", "action_flag": 1, "change_message": "[{\"added\": {}}]"}}, {"model": "admin.logentry", "pk": 22, "fields": {"action_time": "2023-09-29T11:15:03.676Z", "user": 1, "content_type": 13, "object_id": "9", "object_repr": "ი - ee (as in 'sEcret')", "action_flag": 1, "change_message": "[{\"added\": {}}]"}}, {"model": "admin.logentry", "pk": 23, "fields": {"action_time": "2023-09-29T11:15:14.780Z", "user": 1, "content_type": 13, "object_id": "10", "object_repr": "კ - k'", "action_flag": 1, "change_message": "[{\"added\": {}}]"}}, {"model": "admin.logentry", "pk": 24, "fields": {"action_time": "2023-09-29T11:15:35.917Z", "user": 1, "content_type": 13, "object_id": "11", "object_repr": "ლ - el", "action_flag": 1, "change_message": "[{\"added\": {}}]"}}, {"model": "admin.logentry", "pk": 25, "fields": {"action_time": "2023-09-29T11:15:46.916Z", "user": 1, "content_type": 13, "object_id": "12", "object_repr": "მ - m", "action_flag": 1, "change_message": "[{\"added\": {}}]"}}, {"model": "admin.logentry", "pk": 26, "fields": {"action_time": "2023-09-29T11:15:57.027Z", "user": 1, "content_type": 13, "object_id": "13", "object_repr": "ნ - n", "action_flag": 1, "change_message": "[{\"added\": {}}]"}}, {"model": "admin.logentry", "pk": 27, "fields": {"action_time": "2023-09-29T11:16:31.766Z", "user": 1, "content_type": 13, "object_id": "14", "object_repr": "ო - o", "action_flag": 1, "change_message": "[{\"added\": {}}]"}}, {"model": "admin.logentry", "pk": 28, "fields": {"action_time": "2023-09-29T11:16:53.386Z", "user": 1, "content_type": 13, "object_id": "15", "object_repr": "პ - p (strong)", "action_flag": 1, "change_message": "[{\"added\": {}}]"}}, {"model": "admin.logentry", "pk": 29, "fields": {"action_time": "2023-09-29T11:17:29.014Z", "user": 1, "content_type": 13, "object_id": "16", "object_repr": "ჟ - zh", "action_flag": 1, "change_message": "[{\"added\": {}}]"}}, {"model": "admin.logentry", "pk": 30, "fields": {"action_time": "2023-09-29T11:17:58.081Z", "user": 1, "content_type": 13, "object_id": "17", "object_repr": "რ - r (rolling)", "action_flag": 1, "change_message": "[{\"added\": {}}]"}}, {"model": "admin.logentry", "pk": 31, "fields": {"action_time": "2023-09-29T11:18:04.873Z", "user": 1, "content_type": 13, "object_id": "18", "object_repr": "ს - s", "action_flag": 1, "change_message": "[{\"added\": {}}]"}}, {"model": "admin.logentry", "pk": 32, "fields": {"action_time": "2023-09-29T11:18:15.364Z", "user": 1, "content_type": 13, "object_id": "19", "object_repr": "ტ - t", "action_flag": 1, "change_message": "[{\"added\": {}}]"}}, {"model": "admin.logentry", "pk": 33, "fields": {"action_time": "2023-09-29T11:18:38.655Z", "user": 1, "content_type": 13, "object_id": "20", "object_repr": "უ - u (as in Oogway)", "action_flag": 1, "change_message": "[{\"added\": {}}]"}}, {"model": "admin.logentry", "pk": 34, "fields": {"action_time": "2023-09-29T11:19:00.627Z", "user": 1, "content_type": 13, "object_id": "21", "object_repr": "ფ - p (with aspiration)", "action_flag": 1, "change_message": "[{\"added\": {}}]"}}, {"model": "admin.logentry", "pk": 35, "fields": {"action_time": "2023-09-29T11:19:29.187Z", "user": 1, "content_type": 13, "object_id": "22", "object_repr": "ქ - kh", "action_flag": 1, "change_message": "[{\"added\": {}}]"}}, {"model": "admin.logentry", "pk": 36, "fields": {"action_time": "2023-09-29T11:20:14.057Z", "user": 1, "content_type": 13, "object_id": "23", "object_repr": "ღ - gh", "action_flag": 1, "change_message": "[{\"added\": {}}]"}}, {"model": "admin.logentry", "pk": 37, "fields": {"action_time": "2023-09-29T11:20:39.755Z", "user": 1, "content_type": 13, "object_id": "24", "object_repr": "ყ - q'", "action_flag": 1, "change_message": "[{\"added\": {}}]"}}, {"model": "admin.logentry", "pk": 38, "fields": {"action_time": "2023-09-29T11:21:25.536Z", "user": 1, "content_type": 13, "object_id": "25", "object_repr": "შ - sh", "action_flag": 1, "change_message": "[{\"added\": {}}]"}}, {"model": "admin.logentry", "pk": 39, "fields": {"action_time": "2023-09-29T11:21:38.406Z", "user": 1, "content_type": 13, "object_id": "26", "object_repr": "ჩ - ch", "action_flag": 1, "change_message": "[{\"added\": {}}]"}}, {"model": "admin.logentry", "pk": 40, "fields": {"action_time": "2023-09-29T11:21:51.256Z", "user": 1, "content_type": 13, "object_id": "27", "object_repr": "ც - ts", "action_flag": 1, "change_message": "[{\"added\": {}}]"}}, {"model": "admin.logentry", "pk": 41, "fields": {"action_time": "2023-09-29T11:21:58.704Z", "user": 1, "content_type": 13, "object_id": "28", "object_repr": "ძ - dz", "action_flag": 1, "change_message": "[{\"added\": {}}]"}}, {"model": "admin.logentry", "pk": 42, "fields": {"action_time": "2023-09-29T11:22:13.088Z", "user": 1, "content_type": 13, "object_id": "29", "object_repr": "წ - ts'", "action_flag": 1, "change_message": "[{\"added\": {}}]"}}, {"model": "admin.logentry", "pk": 43, "fields": {"action_time": "2023-09-29T11:22:26.414Z", "user": 1, "content_type": 13, "object_id": "30", "object_repr": "ჭ - ch'", "action_flag": 1, "change_message": "[{\"added\": {}}]"}}, {"model": "admin.logentry", "pk": 44, "fields": {"action_time": "2023-09-29T11:22:39.776Z", "user": 1, "content_type": 13, "object_id": "31", "object_repr": "ხ - kh (harsh)", "action_flag": 1, "change_message": "[{\"added\": {}}]"}}, {"model": "admin.logentry", "pk": 45, "fields": {"action_time": "2023-09-29T11:23:07.954Z", "user": 1, "content_type": 13, "object_id": "32", "object_repr": "ჯ - dzh", "action_flag": 1, "change_message": "[{\"added\": {}}]"}}, {"model": "admin.logentry", "pk": 46, "fields": {"action_time": "2023-09-29T11:23:42.740Z", "user": 1, "content_type": 13, "object_id": "33", "object_repr": "ჰ - h (as in 'hero')", "action_flag": 1, "change_message": "[{\"added\": {}}]"}}, {"model": "admin.logentry", "pk": 47, "fields": {"action_time": "2023-09-29T11:24:35.284Z", "user": 1, "content_type": 13, "object_id": "32", "object_repr": "ჯ - j (as in 'jeans')", "action_flag": 2, "change_message": "[{\"changed\": {\"fields\": [\"Translation\"]}}]"}}, {"model": "admin.logentry", "pk": 48, "fields": {"action_time": "2023-09-29T11:25:08.136Z", "user": 1, "content_type": 9, "object_id": "4", "object_repr": "Alphabet", "action_flag": 2, "change_message": "[]"}}, {"model": "admin.logentry", "pk": 49, "fields": {"action_time": "2023-09-29T11:26:54.820Z", "user": 1, "content_type": 13, "object_id": "16", "object_repr": "ჟ - zh (as in 'Jacque')", "action_flag": 2, "change_message": "[{\"changed\": {\"fields\": [\"Translation\"]}}]"}}, {"model": "admin.logentry", "pk": 50, "fields": {"action_time": "2023-10-02T10:20:42.975Z", "user": 1, "content_type": 9, "object_id": "4", "object_repr": "Alphabet", "action_flag": 2, "change_message": "[{\"changed\": {\"fields\": [\"Description\"]}}]"}}, {"model": "admin.logentry", "pk": 51, "fields": {"action_time": "2023-10-02T10:21:04.352Z", "user": 1, "content_type": 9, "object_id": "3", "object_repr": "Numbers 1-10", "action_flag": 2, "change_message": "[{\"changed\": {\"fields\": [\"Description\"]}}]"}}, {"model": "admin.logentry", "pk": 52, "fields": {"action_time": "2023-10-02T10:21:24.930Z", "user": 1, "content_type": 9, "object_id": "2", "object_repr": "Basic Verbs", "action_flag": 2, "change_message": "[{\"changed\": {\"fields\": [\"Description\"]}}]"}}, {"model": "admin.logentry", "pk": 53, "fields": {"action_time": "2023-10-02T10:21:42.936Z", "user": 1, "content_type": 9, "object_id": "1", "object_repr": "Basics", "action_flag": 2, "change_message": "[{\"changed\": {\"fields\": [\"Description\"]}}]"}}, {"model": "admin.logentry", "pk": 54, "fields": {"action_time": "2023-10-02T10:55:46.573Z", "user": 1, "content_type": 9, "object_id": "4", "object_repr": "Alphabet", "action_flag": 2, "change_message": "[{\"changed\": {\"fields\": [\"Slug\"]}}]"}}, {"model": "admin.logentry", "pk": 55, "fields": {"action_time": "2023-10-02T10:56:00.598Z", "user": 1, "content_type": 9, "object_id": "3", "object_repr": "Numbers 1-10", "action_flag": 2, "change_message": "[{\"changed\": {\"fields\": [\"Slug\"]}}]"}}, {"model": "admin.logentry", "pk": 56, "fields": {"action_time": "2023-10-02T10:56:14.486Z", "user": 1, "content_type": 9, "object_id": "3", "object_repr": "Numbers 1-10", "action_flag": 2, "change_message": "[{\"changed\": {\"fields\": [\"Slug\"]}}]"}}, {"model": "admin.logentry", "pk": 57, "fields": {"action_time": "2023-10-02T10:56:20.281Z", "user": 1, "content_type": 9, "object_id": "2", "object_repr": "Basic Verbs", "action_flag": 2, "change_message": "[{\"changed\": {\"fields\": [\"Slug\"]}}]"}}, {"model": "admin.logentry", "pk": 58, "fields": {"action_time": "2023-10-02T10:56:25.122Z", "user": 1, "content_type": 9, "object_id": "1", "object_repr": "Basics", "action_flag": 2, "change_message": "[{\"changed\": {\"fields\": [\"Slug\"]}}]"}}, {"model": "admin.logentry", "pk": 59, "fields": {"action_time": "2023-10-03T13:33:55.196Z", "user": 1, "content_type": 12, "object_id": "3", "object_repr": "helix - გ - g", "action_flag": 3, "change_message": ""}}, {"model": "admin.logentry", "pk": 60, "fields": {"action_time": "2023-10-03T13:33:55.201Z", "user": 1, "content_type": 12, "object_id": "2", "object_repr": "helix - ბ - b", "action_flag": 3, "change_message": ""}}, {"model": "admin.logentry", "pk": 61, "fields": {"action_time": "2023-10-03T13:33:55.205Z", "user": 1, "content_type": 12, "object_id": "1", "object_repr": "helix - ა - ah", "action_flag": 3, "change_message": ""}}, {"model": "admin.logentry", "pk": 62, "fields": {"action_time": "2023-10-03T13:47:07.828Z", "user": 1, "content_type": 12, "object_id": "8", "object_repr": "helix - ე - eh", "action_flag": 3, "change_message": ""}}, {"model": "admin.logentry", "pk": 63, "fields": {"action_time": "2023-10-03T13:47:07.833Z", "user": 1, "content_type": 12, "object_id": "7", "object_repr": "helix - დ - d", "action_flag": 3, "change_message": ""}}, {"model": "admin.logentry", "pk": 64, "fields": {"action_time": "2023-10-03T13:47:07.837Z", "user": 1, "content_type": 12, "object_id": "6", "object_repr": "helix - გ - g", "action_flag": 3, "change_message": ""}}, {"model": "admin.logentry", "pk": 65, "fields": {"action_time": "2023-10-03T13:47:07.844Z", "user": 1, "content_type": 12, "object_id": "5", "object_repr": "helix - ბ - b", "action_flag": 3, "change_message": ""}}, {"model": "admin.logentry", "pk": 66, "fields": {"action_time": "2023-10-03T13:47:07.850Z", "user": 1, "content_type": 12, "object_id": "4", "object_repr": "helix - ა - ah", "action_flag": 3, "change_message": ""}}, {"model": "admin.logentry", "pk": 67, "fields": {"action_time": "2023-10-03T13:59:43.286Z", "user": 1, "content_type": 12, "object_id": "11", "object_repr": "helix - გ - g", "action_flag": 3, "change_message": ""}}, {"model": "admin.logentry", "pk": 68, "fields": {"action_time": "2023-10-03T13:59:43.291Z", "user": 1, "content_type": 12, "object_id": "10", "object_repr": "helix - ბ - b", "action_flag": 3, "change_message": ""}}, {"model": "admin.logentry", "pk": 69, "fields": {"action_time": "2023-10-03T13:59:43.295Z", "user": 1, "content_type": 12, "object_id": "9", "object_repr": "helix - ა - ah", "action_flag": 3, "change_message": ""}}, {"model": "admin.logentry", "pk": 70, "fields": {"action_time": "2023-10-03T14:29:38.402Z", "user": 1, "content_type": 12, "object_id": "12", "object_repr": "helix - ა - ah", "action_flag": 2, "change_message": "[{\"changed\": {\"fields\": [\"Points\"]}}]"}}, {"model": "admin.logentry", "pk": 71, "fields": {"action_time": "2023-10-03T14:29:50.643Z", "user": 1, "content_type": 12, "object_id": "12", "object_repr": "helix - ა - ah", "action_flag": 2, "change_message": "[{\"changed\": {\"fields\": [\"Mastery level\"]}}]"}}, {"model": "admin.logentry", "pk": 72, "fields": {"action_time": "2023-10-03T16:41:39.999Z", "user": 1, "content_type": 12, "object_id": "44", "object_repr": "helix - ჰ - h (as in 'hero')", "action_flag": 2, "change_message": "[{\"changed\": {\"fields\": [\"Points\"]}}]"}}, {"model": "admin.logentry", "pk": 73, "fields": {"action_time": "2023-10-03T16:41:57.502Z", "user": 1, "content_type": 12, "object_id": "42", "object_repr": "helix - ხ - kh (harsh)", "action_flag": 2, "change_message": "[{\"changed\": {\"fields\": [\"Points\"]}}]"}}, {"model": "admin.logentry", "pk": 74, "fields": {"action_time": "2023-10-03T16:42:02.423Z", "user": 1, "content_type": 12, "object_id": "37", "object_repr": "helix - ჩ - ch", "action_flag": 2, "change_message": "[{\"changed\": {\"fields\": [\"Points\"]}}]"}}, {"model": "admin.logentry", "pk": 75, "fields": {"action_time": "2023-10-03T16:42:07.176Z", "user": 1, "content_type": 12, "object_id": "38", "object_repr": "helix - ც - ts", "action_flag": 2, "change_message": "[{\"changed\": {\"fields\": [\"Points\"]}}]"}}, {"model": "admin.logentry", "pk": 76, "fields": {"action_time": "2023-10-03T16:42:11.986Z", "user": 1, "content_type": 12, "object_id": "27", "object_repr": "helix - ჟ - zh (as in 'Jacque')", "action_flag": 2, "change_message": "[{\"changed\": {\"fields\": [\"Points\"]}}]"}}, {"model": "admin.logentry", "pk": 77, "fields": {"action_time": "2023-10-03T16:42:24.798Z", "user": 1, "content_type": 12, "object_id": "44", "object_repr": "helix - ჰ - h (as in 'hero')", "action_flag": 2, "change_message": "[{\"changed\": {\"fields\": [\"Points\"]}}]"}}, {"model": "admin.logentry", "pk": 78, "fields": {"action_time": "2023-10-03T16:42:32.439Z", "user": 1, "content_type": 12, "object_id": "42", "object_repr": "helix - ხ - kh (harsh)", "action_flag": 2, "change_message": "[{\"changed\": {\"fields\": [\"Points\"]}}]"}}, {"model": "admin.logentry", "pk": 79, "fields": {"action_time": "2023-10-03T16:43:00.448Z", "user": 1, "content_type": 12, "object_id": "36", "object_repr": "helix - შ - sh", "action_flag": 2, "change_message": "[{\"changed\": {\"fields\": [\"Points\"]}}]"}}, {"model": "admin.logentry", "pk": 80, "fields": {"action_time": "2023-10-03T16:43:09.932Z", "user": 1, "content_type": 12, "object_id": "27", "object_repr": "helix - ჟ - zh (as in 'Jacque')", "action_flag": 2, "change_message": "[{\"changed\": {\"fields\": [\"Points\"]}}]"}}, {"model": "admin.logentry", "pk": 81, "fields": {"action_time": "2023-10-03T16:43:15.003Z", "user": 1, "content_type": 12, "object_id": "38", "object_repr": "helix - ც - ts", "action_flag": 2, "change_message": "[{\"changed\": {\"fields\": [\"Points\"]}}]"}}, {"model": "admin.logentry", "pk": 82, "fields": {"action_time": "2023-10-03T16:46:07.153Z", "user": 1, "content_type": 12, "object_id": "44", "object_repr": "helix - ჰ - h (as in 'hero')", "action_flag": 3, "change_message": ""}}, {"model": "admin.logentry", "pk": 83, "fields": {"action_time": "2023-10-03T16:46:07.156Z", "user": 1, "content_type": 12, "object_id": "43", "object_repr": "helix - ჯ - j (as in 'jeans')", "action_flag": 3, "change_message": ""}}, {"model": "admin.logentry", "pk": 84, "fields": {"action_time": "2023-10-03T16:46:07.162Z", "user": 1, "content_type": 12, "object_id": "42", "object_repr": "helix - ხ - kh (harsh)", "action_flag": 3, "change_message": ""}}, {"model": "admin.logentry", "pk": 85, "fields": {"action_time": "2023-10-03T16:46:07.165Z", "user": 1, "content_type": 12, "object_id": "41", "object_repr": "helix - ჭ - ch'", "action_flag": 3, "change_message": ""}}, {"model": "admin.logentry", "pk": 86, "fields": {"action_time": "2023-10-03T16:46:07.167Z", "user": 1, "content_type": 12, "object_id": "40", "object_repr": "helix - წ - ts'", "action_flag": 3, "change_message": ""}}, {"model": "admin.logentry", "pk": 87, "fields": {"action_time": "2023-10-03T16:46:07.171Z", "user": 1, "content_type": 12, "object_id": "39", "object_repr": "helix - ძ - dz", "action_flag": 3, "change_message": ""}}, {"model": "admin.logentry", "pk": 88, "fields": {"action_time": "2023-10-03T16:46:07.175Z", "user": 1, "content_type": 12, "object_id": "38", "object_repr": "helix - ც - ts", "action_flag": 3, "change_message": ""}}, {"model": "admin.logentry", "pk": 89, "fields": {"action_time": "2023-10-03T16:46:07.178Z", "user": 1, "content_type": 12, "object_id": "37", "object_repr": "helix - ჩ - ch", "action_flag": 3, "change_message": ""}}, {"model": "admin.logentry", "pk": 90, "fields": {"action_time": "2023-10-03T16:46:07.181Z", "user": 1, "content_type": 12, "object_id": "36", "object_repr": "helix - შ - sh", "action_flag": 3, "change_message": ""}}, {"model": "admin.logentry", "pk": 91, "fields": {"action_time": "2023-10-03T16:46:07.185Z", "user": 1, "content_type": 12, "object_id": "35", "object_repr": "helix - ყ - q'", "action_flag": 3, "change_message": ""}}, {"model": "admin.logentry", "pk": 92, "fields": {"action_time": "2023-10-03T16:46:07.189Z", "user": 1, "content_type": 12, "object_id": "34", "object_repr": "helix - ღ - gh", "action_flag": 3, "change_message": ""}}, {"model": "admin.logentry", "pk": 93, "fields": {"action_time": "2023-10-03T16:46:07.192Z", "user": 1, "content_type": 12, "object_id": "33", "object_repr": "helix - ქ - kh", "action_flag": 3, "change_message": ""}}, {"model": "admin.logentry", "pk": 94, "fields": {"action_time": "2023-10-03T16:46:07.196Z", "user": 1, "content_type": 12, "object_id": "32", "object_repr": "helix - ფ - p (with aspiration)", "action_flag": 3, "change_message": ""}}, {"model": "admin.logentry", "pk": 95, "fields": {"action_time": "2023-10-03T16:46:07.200Z", "user": 1, "content_type": 12, "object_id": "31", "object_repr": "helix - უ - u (as in Oogway)", "action_flag": 3, "change_message": ""}}, {"model": "admin.logentry", "pk": 96, "fields": {"action_time": "2023-10-03T16:46:07.203Z", "user": 1, "content_type": 12, "object_id": "30", "object_repr": "helix - ტ - t", "action_flag": 3, "change_message": ""}}, {"model": "admin.logentry", "pk": 97, "fields": {"action_time": "2023-10-03T16:46:07.206Z", "user": 1, "content_type": 12, "object_id": "29", "object_repr": "helix - ს - s", "action_flag": 3, "change_message": ""}}, {"model": "admin.logentry", "pk": 98, "fields": {"action_time": "2023-10-03T16:46:07.209Z", "user": 1, "content_type": 12, "object_id": "28", "object_repr": "helix - რ - r (rolling)", "action_flag": 3, "change_message": ""}}, {"model": "admin.logentry", "pk": 99, "fields": {"action_time": "2023-10-03T16:46:07.213Z", "user": 1, "content_type": 12, "object_id": "27", "object_repr": "helix - ჟ - zh (as in 'Jacque')", "action_flag": 3, "change_message": ""}}, {"model": "admin.logentry", "pk": 100, "fields": {"action_time": "2023-10-03T16:46:07.216Z", "user": 1, "content_type": 12, "object_id": "26", "object_repr": "helix - პ - p (strong)", "action_flag": 3, "change_message": ""}}, {"model": "admin.logentry", "pk": 101, "fields": {"action_time": "2023-10-03T16:46:07.218Z", "user": 1, "content_type": 12, "object_id": "25", "object_repr": "helix - ო - o", "action_flag": 3, "change_message": ""}}, {"model": "admin.logentry", "pk": 102, "fields": {"action_time": "2023-10-03T16:46:07.221Z", "user": 1, "content_type": 12, "object_id": "24", "object_repr": "helix - ნ - n", "action_flag": 3, "change_message": ""}}, {"model": "admin.logentry", "pk": 103, "fields": {"action_time": "2023-10-03T16:46:07.224Z", "user": 1, "content_type": 12, "object_id": "23", "object_repr": "helix - მ - m", "action_flag": 3, "change_message": ""}}, {"model": "admin.logentry", "pk": 104, "fields": {"action_time": "2023-10-03T16:46:07.228Z", "user": 1, "content_type": 12, "object_id": "22", "object_repr": "helix - ლ - el", "action_flag": 3, "change_message": ""}}, {"model": "admin.logentry", "pk": 105, "fields": {"action_time": "2023-10-03T16:46:07.231Z", "user": 1, "content_type": 12, "object_id": "21", "object_repr": "helix - კ - k'", "action_flag": 3, "change_message": ""}}, {"model": "admin.logentry", "pk": 106, "fields": {"action_time": "2023-10-03T16:46:07.234Z", "user": 1, "content_type": 12, "object_id": "20", "object_repr": "helix - ი - ee (as in 'sEcret')", "action_flag": 3, "change_message": ""}}, {"model": "admin.logentry", "pk": 107, "fields": {"action_time": "2023-10-03T16:46:07.236Z", "user": 1, "content_type": 12, "object_id": "19", "object_repr": "helix - თ - t", "action_flag": 3, "change_message": ""}}, {"model": "admin.logentry", "pk": 108, "fields": {"action_time": "2023-10-03T16:46:07.242Z", "user": 1, "content_type": 12, "object_id": "18", "object_repr": "helix - ზ - z", "action_flag": 3, "change_message": ""}}, {"model": "admin.logentry", "pk": 109, "fields": {"action_time": "2023-10-03T16:46:07.248Z", "user": 1, "content_type": 12, "object_id": "17", "object_repr": "helix - ვ - v", "action_flag": 3, "change_message": ""}}, {"model": "admin.logentry", "pk": 110, "fields": {"action_time": "2023-10-03T16:46:07.251Z", "user": 1, "content_type": 12, "object_id": "16", "object_repr": "helix - ე - eh", "action_flag": 3, "change_message": ""}}, {"model": "admin.logentry", "pk": 111, "fields": {"action_time": "2023-10-03T16:46:07.254Z", "user": 1, "content_type": 12, "object_id": "15", "object_repr": "helix - დ - d", "action_flag": 3, "change_message": ""}}, {"model": "admin.logentry", "pk": 112, "fields": {"action_time": "2023-10-03T16:46:07.258Z", "user": 1, "content_type": 12, "object_id": "14", "object_repr": "helix - გ - g", "action_flag": 3, "change_message": ""}}, {"model": "admin.logentry", "pk": 113, "fields": {"action_time": "2023-10-03T16:46:07.261Z", "user": 1, "content_type": 12, "object_id": "13", "object_repr": "helix - ბ - b", "action_flag": 3, "change_message": ""}}, {"model": "admin.logentry", "pk": 114, "fields": {"action_time": "2023-10-03T16:46:07.263Z", "user": 1, "content_type": 12, "object_id": "12", "object_repr": "helix - ა - ah", "action_flag": 3, "change_message": ""}}, {"model": "admin.logentry", "pk": 115, "fields": {"action_time": "2023-10-04T11:51:53.280Z", "user": 1, "content_type": 12, "object_id": "77", "object_repr": "helix - ჰ - h (as in 'hero')", "action_flag": 2, "change_message": "[{\"changed\": {\"fields\": [\"Points\"]}}]"}}, {"model": "admin.logentry", "pk": 116, "fields": {"action_time": "2023-10-04T11:51:58.304Z", "user": 1, "content_type": 12, "object_id": "75", "object_repr": "helix - ხ - kh (harsh)", "action_flag": 2, "change_message": "[{\"changed\": {\"fields\": [\"Points\"]}}]"}}, {"model": "admin.logentry", "pk": 117, "fields": {"action_time": "2023-10-04T11:52:03.041Z", "user": 1, "content_type": 12, "object_id": "74", "object_repr": "helix - ჭ - ch'", "action_flag": 2, "change_message": "[{\"changed\": {\"fields\": [\"Points\"]}}]"}}, {"model": "admin.logentry", "pk": 118, "fields": {"action_time": "2023-10-04T11:52:06.736Z", "user": 1, "content_type": 12, "object_id": "70", "object_repr": "helix - ჩ - ch", "action_flag": 2, "change_message": "[{\"changed\": {\"fields\": [\"Points\"]}}]"}}, {"model": "admin.logentry", "pk": 119, "fields": {"action_time": "2023-10-04T11:52:11.482Z", "user": 1, "content_type": 12, "object_id": "69", "object_repr": "helix - შ - sh", "action_flag": 2, "change_message": "[{\"changed\": {\"fields\": [\"Points\"]}}]"}}, {"model": "admin.logentry", "pk": 120, "fields": {"action_time": "2023-10-04T11:52:15.445Z", "user": 1, "content_type": 12, "object_id": "66", "object_repr": "helix - ქ - kh", "action_flag": 2, "change_message": "[{\"changed\": {\"fields\": [\"Points\"]}}]"}}, {"model": "admin.logentry", "pk": 121, "fields": {"action_time": "2023-10-04T11:52:17.619Z", "user": 1, "content_type": 12, "object_id": "69", "object_repr": "helix - შ - sh", "action_flag": 2, "change_message": "[]"}}, {"model": "admin.logentry", "pk": 122, "fields": {"action_time": "2023-10-04T11:52:22.157Z", "user": 1, "content_type": 12, "object_id": "76", "object_repr": "helix - ჯ - j (as in 'jeans')", "action_flag": 2, "change_message": "[{\"changed\": {\"fields\": [\"Points\"]}}]"}}, {"model": "admin.logentry", "pk": 123, "fields": {"action_time": "2023-10-04T11:52:26.665Z", "user": 1, "content_type": 12, "object_id": "73", "object_repr": "helix - წ - ts'", "action_flag": 2, "change_message": "[{\"changed\": {\"fields\": [\"Points\"]}}]"}}, {"model": "admin.logentry", "pk": 124, "fields": {"action_time": "2023-10-04T11:52:30.625Z", "user": 1, "content_type": 12, "object_id": "72", "object_repr": "helix - ძ - dz", "action_flag": 2, "change_message": "[{\"changed\": {\"fields\": [\"Points\"]}}]"}}, {"model": "admin.logentry", "pk": 125, "fields": {"action_time": "2023-10-04T11:52:33.822Z", "user": 1, "content_type": 12, "object_id": "67", "object_repr": "helix - ღ - gh", "action_flag": 2, "change_message": "[{\"changed\": {\"fields\": [\"Points\"]}}]"}}, {"model": "admin.logentry", "pk": 126, "fields": {"action_time": "2023-10-04T11:52:36.691Z", "user": 1, "content_type": 12, "object_id": "64", "object_repr": "helix - უ - u (as in Oogway)", "action_flag": 2, "change_message": "[{\"changed\": {\"fields\": [\"Points\"]}}]"}}, {"model": "admin.logentry", "pk": 127, "fields": {"action_time": "2023-10-04T11:52:40.379Z", "user": 1, "content_type": 12, "object_id": "60", "object_repr": "helix - ჟ - zh (as in 'Jacque')", "action_flag": 2, "change_message": "[{\"changed\": {\"fields\": [\"Points\"]}}]"}}, {"model": "admin.logentry", "pk": 128, "fields": {"action_time": "2023-10-04T11:52:44.668Z", "user": 1, "content_type": 12, "object_id": "59", "object_repr": "helix - პ - p (strong)", "action_flag": 2, "change_message": "[{\"changed\": {\"fields\": [\"Points\"]}}]"}}, {"model": "admin.logentry", "pk": 129, "fields": {"action_time": "2023-10-04T11:53:37.578Z", "user": 1, "content_type": 12, "object_id": "68", "object_repr": "helix - ყ - q'", "action_flag": 2, "change_message": "[{\"changed\": {\"fields\": [\"Points\"]}}]"}}, {"model": "admin.logentry", "pk": 130, "fields": {"action_time": "2023-10-04T11:53:40.306Z", "user": 1, "content_type": 12, "object_id": "65", "object_repr": "helix - ფ - p (with aspiration)", "action_flag": 2, "change_message": "[{\"changed\": {\"fields\": [\"Points\"]}}]"}}, {"model": "admin.logentry", "pk": 131, "fields": {"action_time": "2023-10-04T11:53:43.027Z", "user": 1, "content_type": 12, "object_id": "63", "object_repr": "helix - ტ - t", "action_flag": 2, "change_message": "[{\"changed\": {\"fields\": [\"Points\"]}}]"}}, {"model": "admin.logentry", "pk": 132, "fields": {"action_time": "2023-10-04T11:53:46.346Z", "user": 1, "content_type": 12, "object_id": "58", "object_repr": "helix - ო - o", "action_flag": 2, "change_message": "[{\"changed\": {\"fields\": [\"Points\"]}}]"}}, {"model": "admin.logentry", "pk": 133, "fields": {"action_time": "2023-10-04T11:53:49.998Z", "user": 1, "content_type": 12, "object_id": "56", "object_repr": "helix - მ - m", "action_flag": 2, "change_message": "[{\"changed\": {\"fields\": [\"Points\"]}}]"}}, {"model": "admin.logentry", "pk": 134, "fields": {"action_time": "2023-10-04T11:53:52.925Z", "user": 1, "content_type": 12, "object_id": "57", "object_repr": "helix - ნ - n", "action_flag": 2, "change_message": "[{\"changed\": {\"fields\": [\"Points\"]}}]"}}, {"model": "admin.logentry", "pk": 135, "fields": {"action_time": "2023-10-04T11:53:56.389Z", "user": 1, "content_type": 12, "object_id": "54", "object_repr": "helix - კ - k'", "action_flag": 2, "change_message": "[{\"changed\": {\"fields\": [\"Points\"]}}]"}}, {"model": "admin.logentry", "pk": 136, "fields": {"action_time": "2023-10-04T11:53:59.878Z", "user": 1, "content_type": 12, "object_id": "51", "object_repr": "helix - ზ - z", "action_flag": 2, "change_message": "[{\"changed\": {\"fields\": [\"Points\"]}}]"}}, {"model": "admin.logentry", "pk": 137, "fields": {"action_time": "2023-10-04T11:54:04.223Z", "user": 1, "content_type": 12, "object_id": "50", "object_repr": "helix - ვ - v", "action_flag": 2, "change_message": "[{\"changed\": {\"fields\": [\"Points\"]}}]"}}, {"model": "admin.logentry", "pk": 138, "fields": {"action_time": "2023-10-04T11:54:07.563Z", "user": 1, "content_type": 12, "object_id": "45", "object_repr": "helix - ა - ah", "action_flag": 2, "change_message": "[{\"changed\": {\"fields\": [\"Points\"]}}]"}}, {"model": "admin.logentry", "pk": 139, "fields": {"action_time": "2023-10-04T12:13:37.819Z", "user": 1, "content_type": 6, "object_id": "4", "object_repr": "Monica", "action_flag": 3, "change_message": ""}}, {"model": "admin.logentry", "pk": 140, "fields": {"action_time": "2023-10-04T12:13:37.823Z", "user": 1, "content_type": 6, "object_id": "5", "object_repr": "lsdkfj", "action_flag": 3, "change_message": ""}}, {"model": "admin.logentry", "pk": 141, "fields": {"action_time": "2023-10-04T12:13:37.828Z", "user": 1, "content_type": 6, "object_id": "3", "object_repr": "podrick", "action_flag": 3, "change_message": ""}}, {"model": "admin.logentry", "pk": 142, "fields": {"action_time": "2023-10-04T13:42:39.649Z", "user": 1, "content_type": 6, "object_id": "7", "object_repr": "Monica", "action_flag": 2, "change_message": "[{\"changed\": {\"fields\": [\"Is active\"]}}]"}}, {"model": "admin.logentry", "pk": 143, "fields": {"action_time": "2023-10-05T08:52:03.479Z", "user": 1, "content_type": 13, "object_id": "34", "object_repr": "მე - I, me", "action_flag": 1, "change_message": "[{\"added\": {}}]"}}, {"model": "admin.logentry", "pk": 144, "fields": {"action_time": "2023-10-05T08:54:49.205Z", "user": 1, "content_type": 13, "object_id": "34", "object_repr": "მე - I, me", "action_flag": 2, "change_message": "[{\"changed\": {\"fields\": [\"Example\"]}}]"}}, {"model": "admin.logentry", "pk": 145, "fields": {"action_time": "2023-10-05T08:56:40.406Z", "user": 1, "content_type": 9, "object_id": "5", "object_repr": "Syllables", "action_flag": 1, "change_message": "[{\"added\": {}}]"}}, {"model": "admin.logentry", "pk": 146, "fields": {"action_time": "2023-10-05T10:25:49.706Z", "user": 1, "content_type": 13, "object_id": "319", "object_repr": "ძილ - dzil", "action_flag": 3, "change_message": ""}}, {"model": "admin.logentry", "pk": 147, "fields": {"action_time": "2023-10-05T10:25:49.711Z", "user": 1, "content_type": 13, "object_id": "318", "object_repr": "ძერ - dzer", "action_flag": 3, "change_message": ""}}, {"model": "admin.logentry", "pk": 148, "fields": {"action_time": "2023-10-05T10:25:49.714Z", "user": 1, "content_type": 13, "object_id": "317", "object_repr": "ძარ - dzar", "action_flag": 3, "change_message": ""}}, {"model": "admin.logentry", "pk": 149, "fields": {"action_time": "2023-10-05T10:25:49.719Z", "user": 1, "content_type": 13, "object_id": "316", "object_repr": "ცურ - tsur", "action_flag": 3, "change_message": ""}}, {"model": "admin.logentry", "pk": 150, "fields": {"action_time": "2023-10-05T10:25:49.725Z", "user": 1, "content_type": 13, "object_id": "315", "object_repr": "ცორ - tsor", "action_flag": 3, "change_message": ""}}, {"model": "admin.logentry", "pk": 151, "fields": {"action_time": "2023-10-05T10:25:49.731Z", "user": 1, "content_type": 13, "object_id": "314", "object_repr": "ცილ - tsil", "action_flag": 3, "change_message": ""}}, {"model": "admin.logentry", "pk": 152, "fields": {"action_time": "2023-10-05T10:25:49.733Z", "user": 1, "content_type": 13, "object_id": "313", "object_repr": "ცერ - tser", "action_flag": 3, "change_message": ""}}, {"model": "admin.logentry", "pk": 153, "fields": {"action_time": "2023-10-05T10:25:49.736Z", "user": 1, "content_type": 13, "object_id": "312", "object_repr": "ცარ - tsar", "action_flag": 3, "change_message": ""}}, {"model": "admin.logentry", "pk": 154, "fields": {"action_time": "2023-10-05T10:25:49.740Z", "user": 1, "content_type": 13, "object_id": "311", "object_repr": "ჩურ - chur", "action_flag": 3, "change_message": ""}}, {"model": "admin.logentry", "pk": 155, "fields": {"action_time": "2023-10-05T10:25:49.743Z", "user": 1, "content_type": 13, "object_id": "310", "object_repr": "ჩორ - chor", "action_flag": 3, "change_message": ""}}, {"model": "admin.logentry", "pk": 156, "fields": {"action_time": "2023-10-05T10:25:49.747Z", "user": 1, "content_type": 13, "object_id": "309", "object_repr": "ჩილ - chil", "action_flag": 3, "change_message": ""}}, {"model": "admin.logentry", "pk": 157, "fields": {"action_time": "2023-10-05T10:25:49.751Z", "user": 1, "content_type": 13, "object_id": "308", "object_repr": "ჩერ - cheer", "action_flag": 3, "change_message": ""}}, {"model": "admin.logentry", "pk": 158, "fields": {"action_time": "2023-10-05T10:25:49.754Z", "user": 1, "content_type": 13, "object_id": "307", "object_repr": "ჩარ - char", "action_flag": 3, "change_message": ""}}, {"model": "admin.logentry", "pk": 159, "fields": {"action_time": "2023-10-05T10:25:49.760Z", "user": 1, "content_type": 13, "object_id": "306", "object_repr": "შურ - shur", "action_flag": 3, "change_message": ""}}, {"model": "admin.logentry", "pk": 160, "fields": {"action_time": "2023-10-05T10:25:49.763Z", "user": 1, "content_type": 13, "object_id": "305", "object_repr": "შორ - shor", "action_flag": 3, "change_message": ""}}, {"model": "admin.logentry", "pk": 161, "fields": {"action_time": "2023-10-05T10:25:49.766Z", "user": 1, "content_type": 13, "object_id": "304", "object_repr": "შილ - shil", "action_flag": 3, "change_message": ""}}, {"model": "admin.logentry", "pk": 162, "fields": {"action_time": "2023-10-05T10:25:49.769Z", "user": 1, "content_type": 13, "object_id": "303", "object_repr": "შერ - sheer", "action_flag": 3, "change_message": ""}}, {"model": "admin.logentry", "pk": 163, "fields": {"action_time": "2023-10-05T10:25:49.773Z", "user": 1, "content_type": 13, "object_id": "302", "object_repr": "შარ - shar", "action_flag": 3, "change_message": ""}}, {"model": "admin.logentry", "pk": 164, "fields": {"action_time": "2023-10-05T10:25:49.776Z", "user": 1, "content_type": 13, "object_id": "301", "object_repr": "ყულდ - quldi", "action_flag": 3, "change_message": ""}}, {"model": "admin.logentry", "pk": 165, "fields": {"action_time": "2023-10-05T10:25:49.779Z", "user": 1, "content_type": 13, "object_id": "300", "object_repr": "ყვილდ - qvil", "action_flag": 3, "change_message": ""}}, {"model": "admin.logentry", "pk": 166, "fields": {"action_time": "2023-10-05T10:25:49.784Z", "user": 1, "content_type": 13, "object_id": "299", "object_repr": "ყურ - qur", "action_flag": 3, "change_message": ""}}, {"model": "admin.logentry", "pk": 167, "fields": {"action_time": "2023-10-05T10:25:49.789Z", "user": 1, "content_type": 13, "object_id": "298", "object_repr": "ყორ - qor", "action_flag": 3, "change_message": ""}}, {"model": "admin.logentry", "pk": 168, "fields": {"action_time": "2023-10-05T10:25:49.792Z", "user": 1, "content_type": 13, "object_id": "297", "object_repr": "ყილ - qil", "action_flag": 3, "change_message": ""}}, {"model": "admin.logentry", "pk": 169, "fields": {"action_time": "2023-10-05T10:25:49.796Z", "user": 1, "content_type": 13, "object_id": "296", "object_repr": "ყერ - qer", "action_flag": 3, "change_message": ""}}, {"model": "admin.logentry", "pk": 170, "fields": {"action_time": "2023-10-05T10:25:49.800Z", "user": 1, "content_type": 13, "object_id": "295", "object_repr": "ყარ - qar", "action_flag": 3, "change_message": ""}}, {"model": "admin.logentry", "pk": 171, "fields": {"action_time": "2023-10-05T10:25:49.804Z", "user": 1, "content_type": 13, "object_id": "294", "object_repr": "ღურ - ghur", "action_flag": 3, "change_message": ""}}, {"model": "admin.logentry", "pk": 172, "fields": {"action_time": "2023-10-05T10:25:49.807Z", "user": 1, "content_type": 13, "object_id": "293", "object_repr": "ღორ - ghor", "action_flag": 3, "change_message": ""}}, {"model": "admin.logentry", "pk": 173, "fields": {"action_time": "2023-10-05T10:25:49.812Z", "user": 1, "content_type": 13, "object_id": "292", "object_repr": "ღილ - ghil", "action_flag": 3, "change_message": ""}}, {"model": "admin.logentry", "pk": 174, "fields": {"action_time": "2023-10-05T10:25:49.816Z", "user": 1, "content_type": 13, "object_id": "291", "object_repr": "ღერ - gher", "action_flag": 3, "change_message": ""}}, {"model": "admin.logentry", "pk": 175, "fields": {"action_time": "2023-10-05T10:25:49.821Z", "user": 1, "content_type": 13, "object_id": "290", "object_repr": "ღარ - ghar", "action_flag": 3, "change_message": ""}}, {"model": "admin.logentry", "pk": 176, "fields": {"action_time": "2023-10-05T10:25:49.826Z", "user": 1, "content_type": 13, "object_id": "289", "object_repr": "ქულდi - quldi", "action_flag": 3, "change_message": ""}}, {"model": "admin.logentry", "pk": 177, "fields": {"action_time": "2023-10-05T10:25:49.831Z", "user": 1, "content_type": 13, "object_id": "288", "object_repr": "ქვილდი - khvildi", "action_flag": 3, "change_message": ""}}, {"model": "admin.logentry", "pk": 178, "fields": {"action_time": "2023-10-05T10:25:49.835Z", "user": 1, "content_type": 13, "object_id": "287", "object_repr": "ქურდ - khurdi", "action_flag": 3, "change_message": ""}}, {"model": "admin.logentry", "pk": 179, "fields": {"action_time": "2023-10-05T10:25:49.840Z", "user": 1, "content_type": 13, "object_id": "286", "object_repr": "ქერდ - kherdi", "action_flag": 3, "change_message": ""}}, {"model": "admin.logentry", "pk": 180, "fields": {"action_time": "2023-10-05T10:25:49.845Z", "user": 1, "content_type": 13, "object_id": "285", "object_repr": "ფურ - fur", "action_flag": 3, "change_message": ""}}, {"model": "admin.logentry", "pk": 181, "fields": {"action_time": "2023-10-05T10:25:49.848Z", "user": 1, "content_type": 13, "object_id": "284", "object_repr": "ფორ - for", "action_flag": 3, "change_message": ""}}, {"model": "admin.logentry", "pk": 182, "fields": {"action_time": "2023-10-05T10:25:49.851Z", "user": 1, "content_type": 13, "object_id": "283", "object_repr": "ფილ - fil", "action_flag": 3, "change_message": ""}}, {"model": "admin.logentry", "pk": 183, "fields": {"action_time": "2023-10-05T10:25:49.855Z", "user": 1, "content_type": 13, "object_id": "282", "object_repr": "ფერ - fer", "action_flag": 3, "change_message": ""}}, {"model": "admin.logentry", "pk": 184, "fields": {"action_time": "2023-10-05T10:25:49.858Z", "user": 1, "content_type": 13, "object_id": "281", "object_repr": "ფარ - far", "action_flag": 3, "change_message": ""}}, {"model": "admin.logentry", "pk": 185, "fields": {"action_time": "2023-10-05T10:25:49.862Z", "user": 1, "content_type": 13, "object_id": "280", "object_repr": "ურმ - urm", "action_flag": 3, "change_message": ""}}, {"model": "admin.logentry", "pk": 186, "fields": {"action_time": "2023-10-05T10:25:49.865Z", "user": 1, "content_type": 13, "object_id": "279", "object_repr": "ტურ - tur", "action_flag": 3, "change_message": ""}}, {"model": "admin.logentry", "pk": 187, "fields": {"action_time": "2023-10-05T10:25:49.871Z", "user": 1, "content_type": 13, "object_id": "278", "object_repr": "ტორ - tor", "action_flag": 3, "change_message": ""}}, {"model": "admin.logentry", "pk": 188, "fields": {"action_time": "2023-10-05T10:25:49.875Z", "user": 1, "content_type": 13, "object_id": "277", "object_repr": "ტილ - til", "action_flag": 3, "change_message": ""}}, {"model": "admin.logentry", "pk": 189, "fields": {"action_time": "2023-10-05T10:25:49.878Z", "user": 1, "content_type": 13, "object_id": "276", "object_repr": "ტერ - ter", "action_flag": 3, "change_message": ""}}, {"model": "admin.logentry", "pk": 190, "fields": {"action_time": "2023-10-05T10:25:49.881Z", "user": 1, "content_type": 13, "object_id": "275", "object_repr": "ტარ - tar", "action_flag": 3, "change_message": ""}}, {"model": "admin.logentry", "pk": 191, "fields": {"action_time": "2023-10-05T10:25:49.885Z", "user": 1, "content_type": 13, "object_id": "274", "object_repr": "სურ - sur", "action_flag": 3, "change_message": ""}}, {"model": "admin.logentry", "pk": 192, "fields": {"action_time": "2023-10-05T10:25:49.890Z", "user": 1, "content_type": 13, "object_id": "273", "object_repr": "სორ - sor", "action_flag": 3, "change_message": ""}}, {"model": "admin.logentry", "pk": 193, "fields": {"action_time": "2023-10-05T10:25:49.894Z", "user": 1, "content_type": 13, "object_id": "272", "object_repr": "სილ - sil", "action_flag": 3, "change_message": ""}}, {"model": "admin.logentry", "pk": 194, "fields": {"action_time": "2023-10-05T10:25:49.898Z", "user": 1, "content_type": 13, "object_id": "271", "object_repr": "სერ - ser", "action_flag": 3, "change_message": ""}}, {"model": "admin.logentry", "pk": 195, "fields": {"action_time": "2023-10-05T10:25:49.902Z", "user": 1, "content_type": 13, "object_id": "270", "object_repr": "სარ - sar", "action_flag": 3, "change_message": ""}}, {"model": "admin.logentry", "pk": 196, "fields": {"action_time": "2023-10-05T10:25:49.905Z", "user": 1, "content_type": 13, "object_id": "269", "object_repr": "რურ - rur", "action_flag": 3, "change_message": ""}}, {"model": "admin.logentry", "pk": 197, "fields": {"action_time": "2023-10-05T10:25:49.909Z", "user": 1, "content_type": 13, "object_id": "268", "object_repr": "რორ - ror", "action_flag": 3, "change_message": ""}}, {"model": "admin.logentry", "pk": 198, "fields": {"action_time": "2023-10-05T10:25:49.913Z", "user": 1, "content_type": 13, "object_id": "267", "object_repr": "რილ - ril", "action_flag": 3, "change_message": ""}}, {"model": "admin.logentry", "pk": 199, "fields": {"action_time": "2023-10-05T10:25:49.917Z", "user": 1, "content_type": 13, "object_id": "266", "object_repr": "რერ - rer", "action_flag": 3, "change_message": ""}}, {"model": "admin.logentry", "pk": 200, "fields": {"action_time": "2023-10-05T10:25:49.921Z", "user": 1, "content_type": 13, "object_id": "265", "object_repr": "რარ - rar", "action_flag": 3, "change_message": ""}}, {"model": "admin.logentry", "pk": 201, "fields": {"action_time": "2023-10-05T10:25:49.925Z", "user": 1, "content_type": 13, "object_id": "264", "object_repr": "ქურ - khur", "action_flag": 3, "change_message": ""}}, {"model": "admin.logentry", "pk": 202, "fields": {"action_time": "2023-10-05T10:25:49.929Z", "user": 1, "content_type": 13, "object_id": "263", "object_repr": "ქილ - khil", "action_flag": 3, "change_message": ""}}, {"model": "admin.logentry", "pk": 203, "fields": {"action_time": "2023-10-05T10:25:49.932Z", "user": 1, "content_type": 13, "object_id": "262", "object_repr": "ქერ - kher", "action_flag": 3, "change_message": ""}}, {"model": "admin.logentry", "pk": 204, "fields": {"action_time": "2023-10-05T10:25:49.935Z", "user": 1, "content_type": 13, "object_id": "261", "object_repr": "ქარ - khar", "action_flag": 3, "change_message": ""}}, {"model": "admin.logentry", "pk": 205, "fields": {"action_time": "2023-10-05T10:25:49.939Z", "user": 1, "content_type": 13, "object_id": "260", "object_repr": "პურ - pur", "action_flag": 3, "change_message": ""}}, {"model": "admin.logentry", "pk": 206, "fields": {"action_time": "2023-10-05T10:25:49.944Z", "user": 1, "content_type": 13, "object_id": "259", "object_repr": "პორ - por", "action_flag": 3, "change_message": ""}}, {"model": "admin.logentry", "pk": 207, "fields": {"action_time": "2023-10-05T10:25:49.949Z", "user": 1, "content_type": 13, "object_id": "258", "object_repr": "პილ - pil", "action_flag": 3, "change_message": ""}}, {"model": "admin.logentry", "pk": 208, "fields": {"action_time": "2023-10-05T10:25:49.952Z", "user": 1, "content_type": 13, "object_id": "257", "object_repr": "პერ - per", "action_flag": 3, "change_message": ""}}, {"model": "admin.logentry", "pk": 209, "fields": {"action_time": "2023-10-05T10:25:49.956Z", "user": 1, "content_type": 13, "object_id": "256", "object_repr": "პარ - par", "action_flag": 3, "change_message": ""}}, {"model": "admin.logentry", "pk": 210, "fields": {"action_time": "2023-10-05T10:25:49.962Z", "user": 1, "content_type": 13, "object_id": "255", "object_repr": "ომმ - omm", "action_flag": 3, "change_message": ""}}, {"model": "admin.logentry", "pk": 211, "fields": {"action_time": "2023-10-05T10:25:49.965Z", "user": 1, "content_type": 13, "object_id": "254", "object_repr": "ნურ - nur", "action_flag": 3, "change_message": ""}}, {"model": "admin.logentry", "pk": 212, "fields": {"action_time": "2023-10-05T10:25:49.967Z", "user": 1, "content_type": 13, "object_id": "253", "object_repr": "ნორ - nor", "action_flag": 3, "change_message": ""}}, {"model": "admin.logentry", "pk": 213, "fields": {"action_time": "2023-10-05T10:25:49.971Z", "user": 1, "content_type": 13, "object_id": "252", "object_repr": "ნილ - nil", "action_flag": 3, "change_message": ""}}, {"model": "admin.logentry", "pk": 214, "fields": {"action_time": "2023-10-05T10:25:49.976Z", "user": 1, "content_type": 13, "object_id": "251", "object_repr": "ნერ - ner", "action_flag": 3, "change_message": ""}}, {"model": "admin.logentry", "pk": 215, "fields": {"action_time": "2023-10-05T10:25:49.981Z", "user": 1, "content_type": 13, "object_id": "250", "object_repr": "ნარ - nar", "action_flag": 3, "change_message": ""}}, {"model": "admin.logentry", "pk": 216, "fields": {"action_time": "2023-10-05T10:25:49.985Z", "user": 1, "content_type": 13, "object_id": "249", "object_repr": "მურ - mur", "action_flag": 3, "change_message": ""}}, {"model": "admin.logentry", "pk": 217, "fields": {"action_time": "2023-10-05T10:25:49.989Z", "user": 1, "content_type": 13, "object_id": "248", "object_repr": "მორ - mor", "action_flag": 3, "change_message": ""}}, {"model": "admin.logentry", "pk": 218, "fields": {"action_time": "2023-10-05T10:25:49.993Z", "user": 1, "content_type": 13, "object_id": "247", "object_repr": "მილ - mil", "action_flag": 3, "change_message": ""}}, {"model": "admin.logentry", "pk": 219, "fields": {"action_time": "2023-10-05T10:25:49.996Z", "user": 1, "content_type": 13, "object_id": "246", "object_repr": "მერ - mer", "action_flag": 3, "change_message": ""}}, {"model": "admin.logentry", "pk": 220, "fields": {"action_time": "2023-10-05T10:25:49.999Z", "user": 1, "content_type": 13, "object_id": "245", "object_repr": "მარ - mar", "action_flag": 3, "change_message": ""}}, {"model": "admin.logentry", "pk": 221, "fields": {"action_time": "2023-10-05T10:25:50.002Z", "user": 1, "content_type": 13, "object_id": "244", "object_repr": "ლურ - lur", "action_flag": 3, "change_message": ""}}, {"model": "admin.logentry", "pk": 222, "fields": {"action_time": "2023-10-05T10:25:50.006Z", "user": 1, "content_type": 13, "object_id": "243", "object_repr": "ლორ - lor", "action_flag": 3, "change_message": ""}}, {"model": "admin.logentry", "pk": 223, "fields": {"action_time": "2023-10-05T10:25:50.009Z", "user": 1, "content_type": 13, "object_id": "242", "object_repr": "ლილ - lil", "action_flag": 3, "change_message": ""}}, {"model": "admin.logentry", "pk": 224, "fields": {"action_time": "2023-10-05T10:25:50.013Z", "user": 1, "content_type": 13, "object_id": "241", "object_repr": "ლერ - ler", "action_flag": 3, "change_message": ""}}, {"model": "admin.logentry", "pk": 225, "fields": {"action_time": "2023-10-05T10:25:50.018Z", "user": 1, "content_type": 13, "object_id": "240", "object_repr": "ლარ - lar", "action_flag": 3, "change_message": ""}}, {"model": "admin.logentry", "pk": 226, "fields": {"action_time": "2023-10-05T10:25:50.023Z", "user": 1, "content_type": 13, "object_id": "239", "object_repr": "კურ - kur", "action_flag": 3, "change_message": ""}}, {"model": "admin.logentry", "pk": 227, "fields": {"action_time": "2023-10-05T10:25:50.026Z", "user": 1, "content_type": 13, "object_id": "238", "object_repr": "კორ - kor", "action_flag": 3, "change_message": ""}}, {"model": "admin.logentry", "pk": 228, "fields": {"action_time": "2023-10-05T10:25:50.029Z", "user": 1, "content_type": 13, "object_id": "237", "object_repr": "კილ - kil", "action_flag": 3, "change_message": ""}}, {"model": "admin.logentry", "pk": 229, "fields": {"action_time": "2023-10-05T10:25:50.033Z", "user": 1, "content_type": 13, "object_id": "236", "object_repr": "კერ - ker", "action_flag": 3, "change_message": ""}}, {"model": "admin.logentry", "pk": 230, "fields": {"action_time": "2023-10-05T10:25:50.036Z", "user": 1, "content_type": 13, "object_id": "235", "object_repr": "კარ - kar", "action_flag": 3, "change_message": ""}}, {"model": "admin.logentry", "pk": 231, "fields": {"action_time": "2023-10-05T10:25:50.039Z", "user": 1, "content_type": 13, "object_id": "234", "object_repr": "ილმ - ilm", "action_flag": 3, "change_message": ""}}, {"model": "admin.logentry", "pk": 232, "fields": {"action_time": "2023-10-05T10:25:50.043Z", "user": 1, "content_type": 13, "object_id": "233", "object_repr": "იგმ - igm", "action_flag": 3, "change_message": ""}}, {"model": "admin.logentry", "pk": 233, "fields": {"action_time": "2023-10-05T10:25:50.046Z", "user": 1, "content_type": 13, "object_id": "232", "object_repr": "იარ - iar", "action_flag": 3, "change_message": ""}}, {"model": "admin.logentry", "pk": 234, "fields": {"action_time": "2023-10-05T10:25:50.052Z", "user": 1, "content_type": 13, "object_id": "231", "object_repr": "გურდ - gurdi", "action_flag": 3, "change_message": ""}}, {"model": "admin.logentry", "pk": 235, "fields": {"action_time": "2023-10-05T10:25:50.056Z", "user": 1, "content_type": 13, "object_id": "230", "object_repr": "გიმმ - gimm", "action_flag": 3, "change_message": ""}}, {"model": "admin.logentry", "pk": 236, "fields": {"action_time": "2023-10-05T10:25:50.060Z", "user": 1, "content_type": 13, "object_id": "229", "object_repr": "ვურ - vur", "action_flag": 3, "change_message": ""}}, {"model": "admin.logentry", "pk": 237, "fields": {"action_time": "2023-10-05T10:25:50.065Z", "user": 1, "content_type": 13, "object_id": "228", "object_repr": "ვილ - vil", "action_flag": 3, "change_message": ""}}, {"model": "admin.logentry", "pk": 238, "fields": {"action_time": "2023-10-05T10:25:50.071Z", "user": 1, "content_type": 13, "object_id": "227", "object_repr": "ვერ - ver", "action_flag": 3, "change_message": ""}}, {"model": "admin.logentry", "pk": 239, "fields": {"action_time": "2023-10-05T10:25:50.076Z", "user": 1, "content_type": 13, "object_id": "226", "object_repr": "ვარ - var", "action_flag": 3, "change_message": ""}}, {"model": "admin.logentry", "pk": 240, "fields": {"action_time": "2023-10-05T10:25:50.083Z", "user": 1, "content_type": 13, "object_id": "225", "object_repr": "დურ - dur", "action_flag": 3, "change_message": ""}}, {"model": "admin.logentry", "pk": 241, "fields": {"action_time": "2023-10-05T10:25:50.088Z", "user": 1, "content_type": 13, "object_id": "224", "object_repr": "დორ - dor", "action_flag": 3, "change_message": ""}}, {"model": "admin.logentry", "pk": 242, "fields": {"action_time": "2023-10-05T10:25:50.094Z", "user": 1, "content_type": 13, "object_id": "223", "object_repr": "დილ - dil", "action_flag": 3, "change_message": ""}}, {"model": "admin.logentry", "pk": 243, "fields": {"action_time": "2023-10-05T10:25:50.097Z", "user": 1, "content_type": 13, "object_id": "222", "object_repr": "დერ - der", "action_flag": 3, "change_message": ""}}, {"model": "admin.logentry", "pk": 244, "fields": {"action_time": "2023-10-05T10:25:50.101Z", "user": 1, "content_type": 13, "object_id": "221", "object_repr": "დარ - dar", "action_flag": 3, "change_message": ""}}, {"model": "admin.logentry", "pk": 245, "fields": {"action_time": "2023-10-05T10:25:50.107Z", "user": 1, "content_type": 13, "object_id": "220", "object_repr": "გურ - gur", "action_flag": 3, "change_message": ""}}, {"model": "admin.logentry", "pk": 246, "fields": {"action_time": "2023-10-05T10:26:06.797Z", "user": 1, "content_type": 13, "object_id": "219", "object_repr": "გილ - gil", "action_flag": 3, "change_message": ""}}, {"model": "admin.logentry", "pk": 247, "fields": {"action_time": "2023-10-05T10:26:06.802Z", "user": 1, "content_type": 13, "object_id": "218", "object_repr": "გერ - ger", "action_flag": 3, "change_message": ""}}, {"model": "admin.logentry", "pk": 248, "fields": {"action_time": "2023-10-05T10:26:06.805Z", "user": 1, "content_type": 13, "object_id": "217", "object_repr": "გარ - gar", "action_flag": 3, "change_message": ""}}, {"model": "admin.logentry", "pk": 249, "fields": {"action_time": "2023-10-05T10:26:06.808Z", "user": 1, "content_type": 13, "object_id": "216", "object_repr": "ბურ - bur", "action_flag": 3, "change_message": ""}}, {"model": "admin.logentry", "pk": 250, "fields": {"action_time": "2023-10-05T10:26:06.814Z", "user": 1, "content_type": 13, "object_id": "215", "object_repr": "ბილ - bil", "action_flag": 3, "change_message": ""}}, {"model": "admin.logentry", "pk": 251, "fields": {"action_time": "2023-10-05T10:26:06.818Z", "user": 1, "content_type": 13, "object_id": "214", "object_repr": "ბერ - ber", "action_flag": 3, "change_message": ""}}, {"model": "admin.logentry", "pk": 252, "fields": {"action_time": "2023-10-05T10:26:06.823Z", "user": 1, "content_type": 13, "object_id": "213", "object_repr": "ბარ - bar", "action_flag": 3, "change_message": ""}}, {"model": "admin.logentry", "pk": 253, "fields": {"action_time": "2023-10-05T10:26:06.828Z", "user": 1, "content_type": 13, "object_id": "212", "object_repr": "ჰუ - hu", "action_flag": 3, "change_message": ""}}, {"model": "admin.logentry", "pk": 254, "fields": {"action_time": "2023-10-05T10:26:06.831Z", "user": 1, "content_type": 13, "object_id": "211", "object_repr": "ჰო - ho", "action_flag": 3, "change_message": ""}}, {"model": "admin.logentry", "pk": 255, "fields": {"action_time": "2023-10-05T10:26:06.834Z", "user": 1, "content_type": 13, "object_id": "210", "object_repr": "ჰი - hi", "action_flag": 3, "change_message": ""}}, {"model": "admin.logentry", "pk": 256, "fields": {"action_time": "2023-10-05T10:26:06.838Z", "user": 1, "content_type": 13, "object_id": "209", "object_repr": "ჰე - he", "action_flag": 3, "change_message": ""}}, {"model": "admin.logentry", "pk": 257, "fields": {"action_time": "2023-10-05T10:26:06.842Z", "user": 1, "content_type": 13, "object_id": "208", "object_repr": "ჰა - ha", "action_flag": 3, "change_message": ""}}, {"model": "admin.logentry", "pk": 258, "fields": {"action_time": "2023-10-05T10:26:06.845Z", "user": 1, "content_type": 13, "object_id": "207", "object_repr": "ჯუ - ju", "action_flag": 3, "change_message": ""}}, {"model": "admin.logentry", "pk": 259, "fields": {"action_time": "2023-10-05T10:26:06.850Z", "user": 1, "content_type": 13, "object_id": "206", "object_repr": "ჯო - jo", "action_flag": 3, "change_message": ""}}, {"model": "admin.logentry", "pk": 260, "fields": {"action_time": "2023-10-05T10:26:06.854Z", "user": 1, "content_type": 13, "object_id": "205", "object_repr": "ჯი - ji", "action_flag": 3, "change_message": ""}}, {"model": "admin.logentry", "pk": 261, "fields": {"action_time": "2023-10-05T10:26:06.857Z", "user": 1, "content_type": 13, "object_id": "204", "object_repr": "ჯე - je", "action_flag": 3, "change_message": ""}}, {"model": "admin.logentry", "pk": 262, "fields": {"action_time": "2023-10-05T10:26:06.861Z", "user": 1, "content_type": 13, "object_id": "203", "object_repr": "ჯა - ja", "action_flag": 3, "change_message": ""}}, {"model": "admin.logentry", "pk": 263, "fields": {"action_time": "2023-10-05T10:26:06.864Z", "user": 1, "content_type": 13, "object_id": "202", "object_repr": "ხუ - khu", "action_flag": 3, "change_message": ""}}, {"model": "admin.logentry", "pk": 264, "fields": {"action_time": "2023-10-05T10:26:06.867Z", "user": 1, "content_type": 13, "object_id": "201", "object_repr": "ხო - kho", "action_flag": 3, "change_message": ""}}, {"model": "admin.logentry", "pk": 265, "fields": {"action_time": "2023-10-05T10:26:06.870Z", "user": 1, "content_type": 13, "object_id": "200", "object_repr": "ხი - khi", "action_flag": 3, "change_message": ""}}, {"model": "admin.logentry", "pk": 266, "fields": {"action_time": "2023-10-05T10:26:06.873Z", "user": 1, "content_type": 13, "object_id": "199", "object_repr": "ხე - khe", "action_flag": 3, "change_message": ""}}, {"model": "admin.logentry", "pk": 267, "fields": {"action_time": "2023-10-05T10:26:06.876Z", "user": 1, "content_type": 13, "object_id": "198", "object_repr": "ხა - kha", "action_flag": 3, "change_message": ""}}, {"model": "admin.logentry", "pk": 268, "fields": {"action_time": "2023-10-05T10:26:06.883Z", "user": 1, "content_type": 13, "object_id": "197", "object_repr": "ჭუ - chu", "action_flag": 3, "change_message": ""}}, {"model": "admin.logentry", "pk": 269, "fields": {"action_time": "2023-10-05T10:26:06.887Z", "user": 1, "content_type": 13, "object_id": "196", "object_repr": "ჭო - cho", "action_flag": 3, "change_message": ""}}, {"model": "admin.logentry", "pk": 270, "fields": {"action_time": "2023-10-05T10:26:06.890Z", "user": 1, "content_type": 13, "object_id": "195", "object_repr": "ჭი - chi", "action_flag": 3, "change_message": ""}}, {"model": "admin.logentry", "pk": 271, "fields": {"action_time": "2023-10-05T10:26:06.893Z", "user": 1, "content_type": 13, "object_id": "194", "object_repr": "ჭე - che", "action_flag": 3, "change_message": ""}}, {"model": "admin.logentry", "pk": 272, "fields": {"action_time": "2023-10-05T10:26:06.898Z", "user": 1, "content_type": 13, "object_id": "193", "object_repr": "ჭა - cha", "action_flag": 3, "change_message": ""}}, {"model": "admin.logentry", "pk": 273, "fields": {"action_time": "2023-10-05T10:26:06.901Z", "user": 1, "content_type": 13, "object_id": "192", "object_repr": "წუ - tsu", "action_flag": 3, "change_message": ""}}, {"model": "admin.logentry", "pk": 274, "fields": {"action_time": "2023-10-05T10:26:06.905Z", "user": 1, "content_type": 13, "object_id": "191", "object_repr": "წო - tso", "action_flag": 3, "change_message": ""}}, {"model": "admin.logentry", "pk": 275, "fields": {"action_time": "2023-10-05T10:26:06.910Z", "user": 1, "content_type": 13, "object_id": "190", "object_repr": "წი - tsi", "action_flag": 3, "change_message": ""}}, {"model": "admin.logentry", "pk": 276, "fields": {"action_time": "2023-10-05T10:26:06.914Z", "user": 1, "content_type": 13, "object_id": "189", "object_repr": "წე - tse", "action_flag": 3, "change_message": ""}}, {"model": "admin.logentry", "pk": 277, "fields": {"action_time": "2023-10-05T10:26:06.917Z", "user": 1, "content_type": 13, "object_id": "188", "object_repr": "წა - tsa", "action_flag": 3, "change_message": ""}}, {"model": "admin.logentry", "pk": 278, "fields": {"action_time": "2023-10-05T10:26:06.922Z", "user": 1, "content_type": 13, "object_id": "187", "object_repr": "ძუ - dzu", "action_flag": 3, "change_message": ""}}, {"model": "admin.logentry", "pk": 279, "fields": {"action_time": "2023-10-05T10:26:06.926Z", "user": 1, "content_type": 13, "object_id": "186", "object_repr": "ძო - dzo", "action_flag": 3, "change_message": ""}}, {"model": "admin.logentry", "pk": 280, "fields": {"action_time": "2023-10-05T10:26:06.930Z", "user": 1, "content_type": 13, "object_id": "185", "object_repr": "ძი - dzi", "action_flag": 3, "change_message": ""}}, {"model": "admin.logentry", "pk": 281, "fields": {"action_time": "2023-10-05T10:26:06.933Z", "user": 1, "content_type": 13, "object_id": "184", "object_repr": "ძე - dze", "action_flag": 3, "change_message": ""}}, {"model": "admin.logentry", "pk": 282, "fields": {"action_time": "2023-10-05T10:26:06.937Z", "user": 1, "content_type": 13, "object_id": "183", "object_repr": "ძა - dza", "action_flag": 3, "change_message": ""}}, {"model": "admin.logentry", "pk": 283, "fields": {"action_time": "2023-10-05T10:26:06.941Z", "user": 1, "content_type": 13, "object_id": "182", "object_repr": "ცუ - tsu", "action_flag": 3, "change_message": ""}}, {"model": "admin.logentry", "pk": 284, "fields": {"action_time": "2023-10-05T10:26:06.944Z", "user": 1, "content_type": 13, "object_id": "181", "object_repr": "ცო - tso", "action_flag": 3, "change_message": ""}}, {"model": "admin.logentry", "pk": 285, "fields": {"action_time": "2023-10-05T10:26:06.950Z", "user": 1, "content_type": 13, "object_id": "180", "object_repr": "ცი - tsi", "action_flag": 3, "change_message": ""}}, {"model": "admin.logentry", "pk": 286, "fields": {"action_time": "2023-10-05T10:26:06.954Z", "user": 1, "content_type": 13, "object_id": "179", "object_repr": "ცე - tse", "action_flag": 3, "change_message": ""}}, {"model": "admin.logentry", "pk": 287, "fields": {"action_time": "2023-10-05T10:26:06.958Z", "user": 1, "content_type": 13, "object_id": "178", "object_repr": "ცა - tsa", "action_flag": 3, "change_message": ""}}, {"model": "admin.logentry", "pk": 288, "fields": {"action_time": "2023-10-05T10:26:06.961Z", "user": 1, "content_type": 13, "object_id": "177", "object_repr": "ჩუ - chu", "action_flag": 3, "change_message": ""}}, {"model": "admin.logentry", "pk": 289, "fields": {"action_time": "2023-10-05T10:26:06.966Z", "user": 1, "content_type": 13, "object_id": "176", "object_repr": "ჩო - cho", "action_flag": 3, "change_message": ""}}, {"model": "admin.logentry", "pk": 290, "fields": {"action_time": "2023-10-05T10:26:06.970Z", "user": 1, "content_type": 13, "object_id": "175", "object_repr": "ჩი - chi", "action_flag": 3, "change_message": ""}}, {"model": "admin.logentry", "pk": 291, "fields": {"action_time": "2023-10-05T10:26:06.973Z", "user": 1, "content_type": 13, "object_id": "174", "object_repr": "ჩე - che", "action_flag": 3, "change_message": ""}}, {"model": "admin.logentry", "pk": 292, "fields": {"action_time": "2023-10-05T10:26:06.977Z", "user": 1, "content_type": 13, "object_id": "173", "object_repr": "ჩა - cha", "action_flag": 3, "change_message": ""}}, {"model": "admin.logentry", "pk": 293, "fields": {"action_time": "2023-10-05T10:26:06.982Z", "user": 1, "content_type": 13, "object_id": "172", "object_repr": "შუ - shu", "action_flag": 3, "change_message": ""}}, {"model": "admin.logentry", "pk": 294, "fields": {"action_time": "2023-10-05T10:26:06.988Z", "user": 1, "content_type": 13, "object_id": "171", "object_repr": "შო - sho", "action_flag": 3, "change_message": ""}}, {"model": "admin.logentry", "pk": 295, "fields": {"action_time": "2023-10-05T10:26:06.992Z", "user": 1, "content_type": 13, "object_id": "170", "object_repr": "ში - shi", "action_flag": 3, "change_message": ""}}, {"model": "admin.logentry", "pk": 296, "fields": {"action_time": "2023-10-05T10:26:06.995Z", "user": 1, "content_type": 13, "object_id": "169", "object_repr": "შე - she", "action_flag": 3, "change_message": ""}}, {"model": "admin.logentry", "pk": 297, "fields": {"action_time": "2023-10-05T10:26:06.998Z", "user": 1, "content_type": 13, "object_id": "168", "object_repr": "შა - sha", "action_flag": 3, "change_message": ""}}, {"model": "admin.logentry", "pk": 298, "fields": {"action_time": "2023-10-05T10:26:07.002Z", "user": 1, "content_type": 13, "object_id": "167", "object_repr": "ყულ - qul", "action_flag": 3, "change_message": ""}}, {"model": "admin.logentry", "pk": 299, "fields": {"action_time": "2023-10-05T10:26:07.006Z", "user": 1, "content_type": 13, "object_id": "166", "object_repr": "ყვი - qvi", "action_flag": 3, "change_message": ""}}, {"model": "admin.logentry", "pk": 300, "fields": {"action_time": "2023-10-05T10:26:07.011Z", "user": 1, "content_type": 13, "object_id": "165", "object_repr": "ყურ - qur", "action_flag": 3, "change_message": ""}}, {"model": "admin.logentry", "pk": 301, "fields": {"action_time": "2023-10-05T10:26:07.014Z", "user": 1, "content_type": 13, "object_id": "164", "object_repr": "ყირ - qir", "action_flag": 3, "change_message": ""}}, {"model": "admin.logentry", "pk": 302, "fields": {"action_time": "2023-10-05T10:26:07.017Z", "user": 1, "content_type": 13, "object_id": "163", "object_repr": "ღუ - ghu", "action_flag": 3, "change_message": ""}}, {"model": "admin.logentry", "pk": 303, "fields": {"action_time": "2023-10-05T10:26:07.023Z", "user": 1, "content_type": 13, "object_id": "162", "object_repr": "ქ - gho", "action_flag": 3, "change_message": ""}}, {"model": "admin.logentry", "pk": 304, "fields": {"action_time": "2023-10-05T10:26:07.026Z", "user": 1, "content_type": 13, "object_id": "161", "object_repr": "ღი - ghi", "action_flag": 3, "change_message": ""}}, {"model": "admin.logentry", "pk": 305, "fields": {"action_time": "2023-10-05T10:26:07.029Z", "user": 1, "content_type": 13, "object_id": "160", "object_repr": "ღე - ghe", "action_flag": 3, "change_message": ""}}, {"model": "admin.logentry", "pk": 306, "fields": {"action_time": "2023-10-05T10:26:07.032Z", "user": 1, "content_type": 13, "object_id": "159", "object_repr": "ღა - gha", "action_flag": 3, "change_message": ""}}, {"model": "admin.logentry", "pk": 307, "fields": {"action_time": "2023-10-05T10:26:07.037Z", "user": 1, "content_type": 13, "object_id": "158", "object_repr": "ქულ - khul", "action_flag": 3, "change_message": ""}}, {"model": "admin.logentry", "pk": 308, "fields": {"action_time": "2023-10-05T10:26:07.041Z", "user": 1, "content_type": 13, "object_id": "157", "object_repr": "ქვილ - khvil", "action_flag": 3, "change_message": ""}}, {"model": "admin.logentry", "pk": 309, "fields": {"action_time": "2023-10-05T10:26:07.044Z", "user": 1, "content_type": 13, "object_id": "156", "object_repr": "ფუმ - fum", "action_flag": 3, "change_message": ""}}, {"model": "admin.logentry", "pk": 310, "fields": {"action_time": "2023-10-05T10:26:07.047Z", "user": 1, "content_type": 13, "object_id": "155", "object_repr": "ფიქ - fikh", "action_flag": 3, "change_message": ""}}, {"model": "admin.logentry", "pk": 311, "fields": {"action_time": "2023-10-05T10:26:07.050Z", "user": 1, "content_type": 13, "object_id": "154", "object_repr": "ტჰ - th", "action_flag": 3, "change_message": ""}}, {"model": "admin.logentry", "pk": 312, "fields": {"action_time": "2023-10-05T10:26:07.054Z", "user": 1, "content_type": 13, "object_id": "153", "object_repr": "ტჯ - tj", "action_flag": 3, "change_message": ""}}, {"model": "admin.logentry", "pk": 313, "fields": {"action_time": "2023-10-05T10:26:07.057Z", "user": 1, "content_type": 13, "object_id": "152", "object_repr": "ტხ - tx", "action_flag": 3, "change_message": ""}}, {"model": "admin.logentry", "pk": 314, "fields": {"action_time": "2023-10-05T10:26:07.060Z", "user": 1, "content_type": 13, "object_id": "151", "object_repr": "ტფ - tf", "action_flag": 3, "change_message": ""}}, {"model": "admin.logentry", "pk": 315, "fields": {"action_time": "2023-10-05T10:26:07.063Z", "user": 1, "content_type": 13, "object_id": "150", "object_repr": "ტნ - tn", "action_flag": 3, "change_message": ""}}, {"model": "admin.logentry", "pk": 316, "fields": {"action_time": "2023-10-05T10:26:07.069Z", "user": 1, "content_type": 13, "object_id": "149", "object_repr": "ტკ - tk", "action_flag": 3, "change_message": ""}}, {"model": "admin.logentry", "pk": 317, "fields": {"action_time": "2023-10-05T10:26:07.074Z", "user": 1, "content_type": 13, "object_id": "148", "object_repr": "ტუმ - tum", "action_flag": 3, "change_message": ""}}, {"model": "admin.logentry", "pk": 318, "fields": {"action_time": "2023-10-05T10:26:07.077Z", "user": 1, "content_type": 13, "object_id": "147", "object_repr": "ტიკ - tik", "action_flag": 3, "change_message": ""}}, {"model": "admin.logentry", "pk": 319, "fields": {"action_time": "2023-10-05T10:26:07.082Z", "user": 1, "content_type": 13, "object_id": "146", "object_repr": "სჰ - sh", "action_flag": 3, "change_message": ""}}, {"model": "admin.logentry", "pk": 320, "fields": {"action_time": "2023-10-05T10:26:07.087Z", "user": 1, "content_type": 13, "object_id": "145", "object_repr": "სჯ - sj", "action_flag": 3, "change_message": ""}}, {"model": "admin.logentry", "pk": 321, "fields": {"action_time": "2023-10-05T10:26:07.091Z", "user": 1, "content_type": 13, "object_id": "144", "object_repr": "სჭ - sche", "action_flag": 3, "change_message": ""}}, {"model": "admin.logentry", "pk": 322, "fields": {"action_time": "2023-10-05T10:26:07.097Z", "user": 1, "content_type": 13, "object_id": "143", "object_repr": "სწ - sts", "action_flag": 3, "change_message": ""}}, {"model": "admin.logentry", "pk": 323, "fields": {"action_time": "2023-10-05T10:26:07.101Z", "user": 1, "content_type": 13, "object_id": "142", "object_repr": "სხ - sx", "action_flag": 3, "change_message": ""}}, {"model": "admin.logentry", "pk": 324, "fields": {"action_time": "2023-10-05T10:26:07.105Z", "user": 1, "content_type": 13, "object_id": "141", "object_repr": "სფ - sf", "action_flag": 3, "change_message": ""}}, {"model": "admin.logentry", "pk": 325, "fields": {"action_time": "2023-10-05T10:26:07.109Z", "user": 1, "content_type": 13, "object_id": "140", "object_repr": "სტ - st", "action_flag": 3, "change_message": ""}}, {"model": "admin.logentry", "pk": 326, "fields": {"action_time": "2023-10-05T10:26:07.113Z", "user": 1, "content_type": 13, "object_id": "139", "object_repr": "ყულ - qul", "action_flag": 3, "change_message": ""}}, {"model": "admin.logentry", "pk": 327, "fields": {"action_time": "2023-10-05T10:26:07.117Z", "user": 1, "content_type": 13, "object_id": "138", "object_repr": "ყილ - qil", "action_flag": 3, "change_message": ""}}, {"model": "admin.logentry", "pk": 328, "fields": {"action_time": "2023-10-05T10:26:07.121Z", "user": 1, "content_type": 13, "object_id": "137", "object_repr": "ქურდ - khurd", "action_flag": 3, "change_message": ""}}, {"model": "admin.logentry", "pk": 329, "fields": {"action_time": "2023-10-05T10:26:07.125Z", "user": 1, "content_type": 13, "object_id": "136", "object_repr": "ქიმ - khim", "action_flag": 3, "change_message": ""}}, {"model": "admin.logentry", "pk": 330, "fields": {"action_time": "2023-10-05T10:26:07.129Z", "user": 1, "content_type": 13, "object_id": "135", "object_repr": "რჰ - rh", "action_flag": 3, "change_message": ""}}, {"model": "admin.logentry", "pk": 331, "fields": {"action_time": "2023-10-05T10:26:07.132Z", "user": 1, "content_type": 13, "object_id": "134", "object_repr": "რჯ - rj", "action_flag": 3, "change_message": ""}}, {"model": "admin.logentry", "pk": 332, "fields": {"action_time": "2023-10-05T10:26:07.137Z", "user": 1, "content_type": 13, "object_id": "133", "object_repr": "რხ - rx", "action_flag": 3, "change_message": ""}}, {"model": "admin.logentry", "pk": 333, "fields": {"action_time": "2023-10-05T10:26:07.141Z", "user": 1, "content_type": 13, "object_id": "132", "object_repr": "რჭ - rch", "action_flag": 3, "change_message": ""}}, {"model": "admin.logentry", "pk": 334, "fields": {"action_time": "2023-10-05T10:26:07.145Z", "user": 1, "content_type": 13, "object_id": "131", "object_repr": "რწ - rts", "action_flag": 3, "change_message": ""}}, {"model": "admin.logentry", "pk": 335, "fields": {"action_time": "2023-10-05T10:26:07.149Z", "user": 1, "content_type": 13, "object_id": "130", "object_repr": "რძ - rdz", "action_flag": 3, "change_message": ""}}, {"model": "admin.logentry", "pk": 336, "fields": {"action_time": "2023-10-05T10:26:07.154Z", "user": 1, "content_type": 13, "object_id": "129", "object_repr": "რც - rts", "action_flag": 3, "change_message": ""}}, {"model": "admin.logentry", "pk": 337, "fields": {"action_time": "2023-10-05T10:26:07.156Z", "user": 1, "content_type": 13, "object_id": "128", "object_repr": "რჩ - rch", "action_flag": 3, "change_message": ""}}, {"model": "admin.logentry", "pk": 338, "fields": {"action_time": "2023-10-05T10:26:07.160Z", "user": 1, "content_type": 13, "object_id": "127", "object_repr": "რშ - rsh", "action_flag": 3, "change_message": ""}}, {"model": "admin.logentry", "pk": 339, "fields": {"action_time": "2023-10-05T10:26:07.164Z", "user": 1, "content_type": 13, "object_id": "126", "object_repr": "რფ - rf", "action_flag": 3, "change_message": ""}}, {"model": "admin.logentry", "pk": 340, "fields": {"action_time": "2023-10-05T10:26:07.170Z", "user": 1, "content_type": 13, "object_id": "125", "object_repr": "რტ - rt", "action_flag": 3, "change_message": ""}}, {"model": "admin.logentry", "pk": 341, "fields": {"action_time": "2023-10-05T10:26:07.173Z", "user": 1, "content_type": 13, "object_id": "124", "object_repr": "რკ - rk'", "action_flag": 3, "change_message": ""}}, {"model": "admin.logentry", "pk": 342, "fields": {"action_time": "2023-10-05T10:26:07.176Z", "user": 1, "content_type": 13, "object_id": "123", "object_repr": "რვ - rv", "action_flag": 3, "change_message": ""}}, {"model": "admin.logentry", "pk": 343, "fields": {"action_time": "2023-10-05T10:26:07.179Z", "user": 1, "content_type": 13, "object_id": "122", "object_repr": "ყუ - qu", "action_flag": 3, "change_message": ""}}, {"model": "admin.logentry", "pk": 344, "fields": {"action_time": "2023-10-05T10:26:07.183Z", "user": 1, "content_type": 13, "object_id": "121", "object_repr": "ყო - qo", "action_flag": 3, "change_message": ""}}, {"model": "admin.logentry", "pk": 345, "fields": {"action_time": "2023-10-05T10:26:07.190Z", "user": 1, "content_type": 13, "object_id": "120", "object_repr": "ყი - qi", "action_flag": 3, "change_message": ""}}, {"model": "admin.logentry", "pk": 346, "fields": {"action_time": "2023-10-05T10:27:49.868Z", "user": 1, "content_type": 13, "object_id": "119", "object_repr": "ყე - qe", "action_flag": 3, "change_message": ""}}, {"model": "admin.logentry", "pk": 347, "fields": {"action_time": "2023-10-05T10:27:49.871Z", "user": 1, "content_type": 13, "object_id": "118", "object_repr": "ყა - qa", "action_flag": 3, "change_message": ""}}, {"model": "admin.logentry", "pk": 348, "fields": {"action_time": "2023-10-05T10:27:49.874Z", "user": 1, "content_type": 13, "object_id": "117", "object_repr": "ქვი - khvi", "action_flag": 3, "change_message": ""}}, {"model": "admin.logentry", "pk": 349, "fields": {"action_time": "2023-10-05T10:27:49.877Z", "user": 1, "content_type": 13, "object_id": "116", "object_repr": "ქურ - khur", "action_flag": 3, "change_message": ""}}, {"model": "admin.logentry", "pk": 350, "fields": {"action_time": "2023-10-05T10:27:49.879Z", "user": 1, "content_type": 13, "object_id": "115", "object_repr": "ქერ - kher", "action_flag": 3, "change_message": ""}}, {"model": "admin.logentry", "pk": 351, "fields": {"action_time": "2023-10-05T10:27:49.882Z", "user": 1, "content_type": 13, "object_id": "114", "object_repr": "ფუ - fu", "action_flag": 3, "change_message": ""}}, {"model": "admin.logentry", "pk": 352, "fields": {"action_time": "2023-10-05T10:27:49.886Z", "user": 1, "content_type": 13, "object_id": "113", "object_repr": "ფო - fo", "action_flag": 3, "change_message": ""}}, {"model": "admin.logentry", "pk": 353, "fields": {"action_time": "2023-10-05T10:27:49.889Z", "user": 1, "content_type": 13, "object_id": "112", "object_repr": "ფი - fi", "action_flag": 3, "change_message": ""}}, {"model": "admin.logentry", "pk": 354, "fields": {"action_time": "2023-10-05T10:27:49.892Z", "user": 1, "content_type": 13, "object_id": "111", "object_repr": "ფე - fe", "action_flag": 3, "change_message": ""}}, {"model": "admin.logentry", "pk": 355, "fields": {"action_time": "2023-10-05T10:27:49.895Z", "user": 1, "content_type": 13, "object_id": "110", "object_repr": "ფა - fa", "action_flag": 3, "change_message": ""}}, {"model": "admin.logentry", "pk": 356, "fields": {"action_time": "2023-10-05T10:27:49.898Z", "user": 1, "content_type": 13, "object_id": "109", "object_repr": "ურ - ur", "action_flag": 3, "change_message": ""}}, {"model": "admin.logentry", "pk": 357, "fields": {"action_time": "2023-10-05T10:27:49.900Z", "user": 1, "content_type": 13, "object_id": "108", "object_repr": "ტუ - tu", "action_flag": 3, "change_message": ""}}, {"model": "admin.logentry", "pk": 358, "fields": {"action_time": "2023-10-05T10:27:49.905Z", "user": 1, "content_type": 13, "object_id": "107", "object_repr": "ტო - to", "action_flag": 3, "change_message": ""}}, {"model": "admin.logentry", "pk": 359, "fields": {"action_time": "2023-10-05T10:27:49.909Z", "user": 1, "content_type": 13, "object_id": "106", "object_repr": "ტი - ti", "action_flag": 3, "change_message": ""}}, {"model": "admin.logentry", "pk": 360, "fields": {"action_time": "2023-10-05T10:27:49.912Z", "user": 1, "content_type": 13, "object_id": "105", "object_repr": "ტე - te", "action_flag": 3, "change_message": ""}}, {"model": "admin.logentry", "pk": 361, "fields": {"action_time": "2023-10-05T10:27:49.915Z", "user": 1, "content_type": 13, "object_id": "104", "object_repr": "ტა - ta", "action_flag": 3, "change_message": ""}}, {"model": "admin.logentry", "pk": 362, "fields": {"action_time": "2023-10-05T10:27:49.918Z", "user": 1, "content_type": 13, "object_id": "103", "object_repr": "სუ - su", "action_flag": 3, "change_message": ""}}, {"model": "admin.logentry", "pk": 363, "fields": {"action_time": "2023-10-05T10:27:49.922Z", "user": 1, "content_type": 13, "object_id": "102", "object_repr": "სო - so", "action_flag": 3, "change_message": ""}}, {"model": "admin.logentry", "pk": 364, "fields": {"action_time": "2023-10-05T10:27:49.925Z", "user": 1, "content_type": 13, "object_id": "101", "object_repr": "სი - si", "action_flag": 3, "change_message": ""}}, {"model": "admin.logentry", "pk": 365, "fields": {"action_time": "2023-10-05T10:27:49.928Z", "user": 1, "content_type": 13, "object_id": "100", "object_repr": "სე - se", "action_flag": 3, "change_message": ""}}, {"model": "admin.logentry", "pk": 366, "fields": {"action_time": "2023-10-05T10:27:49.931Z", "user": 1, "content_type": 13, "object_id": "99", "object_repr": "სა - sa", "action_flag": 3, "change_message": ""}}, {"model": "admin.logentry", "pk": 367, "fields": {"action_time": "2023-10-05T10:27:49.933Z", "user": 1, "content_type": 13, "object_id": "98", "object_repr": "რუ - ru", "action_flag": 3, "change_message": ""}}, {"model": "admin.logentry", "pk": 368, "fields": {"action_time": "2023-10-05T10:27:49.937Z", "user": 1, "content_type": 13, "object_id": "97", "object_repr": "რო - ro", "action_flag": 3, "change_message": ""}}, {"model": "admin.logentry", "pk": 369, "fields": {"action_time": "2023-10-05T10:27:49.941Z", "user": 1, "content_type": 13, "object_id": "96", "object_repr": "რი - ri", "action_flag": 3, "change_message": ""}}, {"model": "admin.logentry", "pk": 370, "fields": {"action_time": "2023-10-05T10:27:49.944Z", "user": 1, "content_type": 13, "object_id": "95", "object_repr": "რე - re", "action_flag": 3, "change_message": ""}}, {"model": "admin.logentry", "pk": 371, "fields": {"action_time": "2023-10-05T10:27:49.947Z", "user": 1, "content_type": 13, "object_id": "94", "object_repr": "რა - ra", "action_flag": 3, "change_message": ""}}, {"model": "admin.logentry", "pk": 372, "fields": {"action_time": "2023-10-05T10:27:49.952Z", "user": 1, "content_type": 13, "object_id": "93", "object_repr": "ქუ - khu", "action_flag": 3, "change_message": ""}}, {"model": "admin.logentry", "pk": 373, "fields": {"action_time": "2023-10-05T10:27:49.954Z", "user": 1, "content_type": 13, "object_id": "92", "object_repr": "ქო - kho", "action_flag": 3, "change_message": ""}}, {"model": "admin.logentry", "pk": 374, "fields": {"action_time": "2023-10-05T10:27:49.957Z", "user": 1, "content_type": 13, "object_id": "91", "object_repr": "ქი - khi", "action_flag": 3, "change_message": ""}}, {"model": "admin.logentry", "pk": 375, "fields": {"action_time": "2023-10-05T10:27:49.960Z", "user": 1, "content_type": 13, "object_id": "90", "object_repr": "ქე - khe", "action_flag": 3, "change_message": ""}}, {"model": "admin.logentry", "pk": 376, "fields": {"action_time": "2023-10-05T10:27:49.965Z", "user": 1, "content_type": 13, "object_id": "89", "object_repr": "ქა - kha", "action_flag": 3, "change_message": ""}}, {"model": "admin.logentry", "pk": 377, "fields": {"action_time": "2023-10-05T10:27:49.968Z", "user": 1, "content_type": 13, "object_id": "88", "object_repr": "პუ - pu", "action_flag": 3, "change_message": ""}}, {"model": "admin.logentry", "pk": 378, "fields": {"action_time": "2023-10-05T10:27:49.970Z", "user": 1, "content_type": 13, "object_id": "87", "object_repr": "პო - po", "action_flag": 3, "change_message": ""}}, {"model": "admin.logentry", "pk": 379, "fields": {"action_time": "2023-10-05T10:27:49.973Z", "user": 1, "content_type": 13, "object_id": "86", "object_repr": "პი - pi", "action_flag": 3, "change_message": ""}}, {"model": "admin.logentry", "pk": 380, "fields": {"action_time": "2023-10-05T10:27:49.977Z", "user": 1, "content_type": 13, "object_id": "85", "object_repr": "პე - pe", "action_flag": 3, "change_message": ""}}, {"model": "admin.logentry", "pk": 381, "fields": {"action_time": "2023-10-05T10:27:49.980Z", "user": 1, "content_type": 13, "object_id": "84", "object_repr": "პა - pa", "action_flag": 3, "change_message": ""}}, {"model": "admin.logentry", "pk": 382, "fields": {"action_time": "2023-10-05T10:27:49.982Z", "user": 1, "content_type": 13, "object_id": "83", "object_repr": "ომ - om", "action_flag": 3, "change_message": ""}}, {"model": "admin.logentry", "pk": 383, "fields": {"action_time": "2023-10-05T10:27:49.985Z", "user": 1, "content_type": 13, "object_id": "82", "object_repr": "ნუ - nu", "action_flag": 3, "change_message": ""}}, {"model": "admin.logentry", "pk": 384, "fields": {"action_time": "2023-10-05T10:27:49.988Z", "user": 1, "content_type": 13, "object_id": "81", "object_repr": "ნო - no", "action_flag": 3, "change_message": ""}}, {"model": "admin.logentry", "pk": 385, "fields": {"action_time": "2023-10-05T10:27:49.991Z", "user": 1, "content_type": 13, "object_id": "80", "object_repr": "ნი - ni", "action_flag": 3, "change_message": ""}}, {"model": "admin.logentry", "pk": 386, "fields": {"action_time": "2023-10-05T10:27:49.994Z", "user": 1, "content_type": 13, "object_id": "79", "object_repr": "ნე - ne", "action_flag": 3, "change_message": ""}}, {"model": "admin.logentry", "pk": 387, "fields": {"action_time": "2023-10-05T10:27:49.997Z", "user": 1, "content_type": 13, "object_id": "78", "object_repr": "ნა - na", "action_flag": 3, "change_message": ""}}, {"model": "admin.logentry", "pk": 388, "fields": {"action_time": "2023-10-05T10:27:50.000Z", "user": 1, "content_type": 13, "object_id": "77", "object_repr": "მუ - mu", "action_flag": 3, "change_message": ""}}, {"model": "admin.logentry", "pk": 389, "fields": {"action_time": "2023-10-05T10:27:50.002Z", "user": 1, "content_type": 13, "object_id": "76", "object_repr": "მო - mo", "action_flag": 3, "change_message": ""}}, {"model": "admin.logentry", "pk": 390, "fields": {"action_time": "2023-10-05T10:27:50.004Z", "user": 1, "content_type": 13, "object_id": "75", "object_repr": "მი - mi", "action_flag": 3, "change_message": ""}}, {"model": "admin.logentry", "pk": 391, "fields": {"action_time": "2023-10-05T10:27:50.007Z", "user": 1, "content_type": 13, "object_id": "74", "object_repr": "მე - me", "action_flag": 3, "change_message": ""}}, {"model": "admin.logentry", "pk": 392, "fields": {"action_time": "2023-10-05T10:27:50.010Z", "user": 1, "content_type": 13, "object_id": "73", "object_repr": "მა - ma", "action_flag": 3, "change_message": ""}}, {"model": "admin.logentry", "pk": 393, "fields": {"action_time": "2023-10-05T10:27:50.012Z", "user": 1, "content_type": 13, "object_id": "72", "object_repr": "ლუ - lu", "action_flag": 3, "change_message": ""}}, {"model": "admin.logentry", "pk": 394, "fields": {"action_time": "2023-10-05T10:27:50.016Z", "user": 1, "content_type": 13, "object_id": "71", "object_repr": "ლო - lo", "action_flag": 3, "change_message": ""}}, {"model": "admin.logentry", "pk": 395, "fields": {"action_time": "2023-10-05T10:27:50.021Z", "user": 1, "content_type": 13, "object_id": "70", "object_repr": "ლი - li", "action_flag": 3, "change_message": ""}}, {"model": "admin.logentry", "pk": 396, "fields": {"action_time": "2023-10-05T10:27:50.025Z", "user": 1, "content_type": 13, "object_id": "69", "object_repr": "ლე - le", "action_flag": 3, "change_message": ""}}, {"model": "admin.logentry", "pk": 397, "fields": {"action_time": "2023-10-05T10:27:50.029Z", "user": 1, "content_type": 13, "object_id": "68", "object_repr": "ლა - la", "action_flag": 3, "change_message": ""}}, {"model": "admin.logentry", "pk": 398, "fields": {"action_time": "2023-10-05T10:27:50.033Z", "user": 1, "content_type": 13, "object_id": "67", "object_repr": "კუ - ku", "action_flag": 3, "change_message": ""}}, {"model": "admin.logentry", "pk": 399, "fields": {"action_time": "2023-10-05T10:27:50.036Z", "user": 1, "content_type": 13, "object_id": "66", "object_repr": "კო - ko", "action_flag": 3, "change_message": ""}}, {"model": "admin.logentry", "pk": 400, "fields": {"action_time": "2023-10-05T10:27:50.039Z", "user": 1, "content_type": 13, "object_id": "65", "object_repr": "კი - ki", "action_flag": 3, "change_message": ""}}, {"model": "admin.logentry", "pk": 401, "fields": {"action_time": "2023-10-05T10:27:50.042Z", "user": 1, "content_type": 13, "object_id": "64", "object_repr": "კე - ke", "action_flag": 3, "change_message": ""}}, {"model": "admin.logentry", "pk": 402, "fields": {"action_time": "2023-10-05T10:27:50.046Z", "user": 1, "content_type": 13, "object_id": "63", "object_repr": "კა - ka", "action_flag": 3, "change_message": ""}}, {"model": "admin.logentry", "pk": 403, "fields": {"action_time": "2023-10-05T10:27:50.050Z", "user": 1, "content_type": 13, "object_id": "62", "object_repr": "ილ - il", "action_flag": 3, "change_message": ""}}, {"model": "admin.logentry", "pk": 404, "fields": {"action_time": "2023-10-05T10:27:50.052Z", "user": 1, "content_type": 13, "object_id": "61", "object_repr": "იგ - ig", "action_flag": 3, "change_message": ""}}, {"model": "admin.logentry", "pk": 405, "fields": {"action_time": "2023-10-05T10:27:50.055Z", "user": 1, "content_type": 13, "object_id": "60", "object_repr": "ია - ia", "action_flag": 3, "change_message": ""}}, {"model": "admin.logentry", "pk": 406, "fields": {"action_time": "2023-10-05T10:27:50.060Z", "user": 1, "content_type": 13, "object_id": "59", "object_repr": "გურ - gur", "action_flag": 3, "change_message": ""}}, {"model": "admin.logentry", "pk": 407, "fields": {"action_time": "2023-10-05T10:27:50.062Z", "user": 1, "content_type": 13, "object_id": "58", "object_repr": "გიმ - gim", "action_flag": 3, "change_message": ""}}, {"model": "admin.logentry", "pk": 408, "fields": {"action_time": "2023-10-05T10:27:50.065Z", "user": 1, "content_type": 13, "object_id": "57", "object_repr": "ვუ - vu", "action_flag": 3, "change_message": ""}}, {"model": "admin.logentry", "pk": 409, "fields": {"action_time": "2023-10-05T10:27:50.068Z", "user": 1, "content_type": 13, "object_id": "56", "object_repr": "ვო - vo", "action_flag": 3, "change_message": ""}}, {"model": "admin.logentry", "pk": 410, "fields": {"action_time": "2023-10-05T10:27:50.072Z", "user": 1, "content_type": 13, "object_id": "55", "object_repr": "ვი - vi", "action_flag": 3, "change_message": ""}}, {"model": "admin.logentry", "pk": 411, "fields": {"action_time": "2023-10-05T10:27:50.075Z", "user": 1, "content_type": 13, "object_id": "54", "object_repr": "ვე - ve", "action_flag": 3, "change_message": ""}}, {"model": "admin.logentry", "pk": 412, "fields": {"action_time": "2023-10-05T10:27:50.078Z", "user": 1, "content_type": 13, "object_id": "53", "object_repr": "ვა - va", "action_flag": 3, "change_message": ""}}, {"model": "admin.logentry", "pk": 413, "fields": {"action_time": "2023-10-05T10:27:50.081Z", "user": 1, "content_type": 13, "object_id": "52", "object_repr": "ელ - el", "action_flag": 3, "change_message": ""}}, {"model": "admin.logentry", "pk": 414, "fields": {"action_time": "2023-10-05T10:27:50.084Z", "user": 1, "content_type": 13, "object_id": "51", "object_repr": "ევ - ev", "action_flag": 3, "change_message": ""}}, {"model": "admin.logentry", "pk": 415, "fields": {"action_time": "2023-10-05T10:27:50.088Z", "user": 1, "content_type": 13, "object_id": "50", "object_repr": "დუ - du", "action_flag": 3, "change_message": ""}}, {"model": "admin.logentry", "pk": 416, "fields": {"action_time": "2023-10-05T10:27:50.091Z", "user": 1, "content_type": 13, "object_id": "49", "object_repr": "დო - do", "action_flag": 3, "change_message": ""}}, {"model": "admin.logentry", "pk": 417, "fields": {"action_time": "2023-10-05T10:27:50.094Z", "user": 1, "content_type": 13, "object_id": "48", "object_repr": "დი - di", "action_flag": 3, "change_message": ""}}, {"model": "admin.logentry", "pk": 418, "fields": {"action_time": "2023-10-05T10:27:50.096Z", "user": 1, "content_type": 13, "object_id": "47", "object_repr": "დე - de", "action_flag": 3, "change_message": ""}}, {"model": "admin.logentry", "pk": 419, "fields": {"action_time": "2023-10-05T10:27:50.099Z", "user": 1, "content_type": 13, "object_id": "46", "object_repr": "და - da", "action_flag": 3, "change_message": ""}}, {"model": "admin.logentry", "pk": 420, "fields": {"action_time": "2023-10-05T10:27:50.102Z", "user": 1, "content_type": 13, "object_id": "45", "object_repr": "გუ - gu", "action_flag": 3, "change_message": ""}}, {"model": "admin.logentry", "pk": 421, "fields": {"action_time": "2023-10-05T10:27:50.104Z", "user": 1, "content_type": 13, "object_id": "44", "object_repr": "გო - go", "action_flag": 3, "change_message": ""}}, {"model": "admin.logentry", "pk": 422, "fields": {"action_time": "2023-10-05T10:27:50.107Z", "user": 1, "content_type": 13, "object_id": "43", "object_repr": "გი - gi", "action_flag": 3, "change_message": ""}}, {"model": "admin.logentry", "pk": 423, "fields": {"action_time": "2023-10-05T10:27:50.110Z", "user": 1, "content_type": 13, "object_id": "42", "object_repr": "გე - ge", "action_flag": 3, "change_message": ""}}, {"model": "admin.logentry", "pk": 424, "fields": {"action_time": "2023-10-05T10:27:50.113Z", "user": 1, "content_type": 13, "object_id": "41", "object_repr": "გა - ga", "action_flag": 3, "change_message": ""}}, {"model": "admin.logentry", "pk": 425, "fields": {"action_time": "2023-10-05T10:27:50.117Z", "user": 1, "content_type": 13, "object_id": "40", "object_repr": "ბუ - bu", "action_flag": 3, "change_message": ""}}, {"model": "admin.logentry", "pk": 426, "fields": {"action_time": "2023-10-05T10:27:50.120Z", "user": 1, "content_type": 13, "object_id": "39", "object_repr": "ბო - bo", "action_flag": 3, "change_message": ""}}, {"model": "admin.logentry", "pk": 427, "fields": {"action_time": "2023-10-05T10:27:50.122Z", "user": 1, "content_type": 13, "object_id": "38", "object_repr": "ბი - bi", "action_flag": 3, "change_message": ""}}, {"model": "admin.logentry", "pk": 428, "fields": {"action_time": "2023-10-05T10:27:50.126Z", "user": 1, "content_type": 13, "object_id": "37", "object_repr": "ბე - be", "action_flag": 3, "change_message": ""}}, {"model": "admin.logentry", "pk": 429, "fields": {"action_time": "2023-10-05T10:27:50.129Z", "user": 1, "content_type": 13, "object_id": "36", "object_repr": "ბა - ba", "action_flag": 3, "change_message": ""}}, {"model": "admin.logentry", "pk": 430, "fields": {"action_time": "2023-10-05T10:27:50.131Z", "user": 1, "content_type": 13, "object_id": "35", "object_repr": "ბა - ba", "action_flag": 3, "change_message": ""}}, {"model": "admin.logentry", "pk": 431, "fields": {"action_time": "2023-10-05T10:40:11.288Z", "user": 1, "content_type": 13, "object_id": "1", "object_repr": "ა - ah", "action_flag": 2, "change_message": "[{\"changed\": {\"fields\": [\"Example\"]}}]"}}, {"model": "admin.logentry", "pk": 432, "fields": {"action_time": "2023-10-05T10:42:18.316Z", "user": 1, "content_type": 13, "object_id": "1", "object_repr": "ა - ah", "action_flag": 2, "change_message": "[]"}}, {"model": "admin.logentry", "pk": 433, "fields": {"action_time": "2023-10-05T10:45:46.655Z", "user": 1, "content_type": 13, "object_id": "1", "object_repr": "ა - ah", "action_flag": 2, "change_message": "[{\"changed\": {\"fields\": [\"Example image\"]}}]"}}, {"model": "admin.logentry", "pk": 434, "fields": {"action_time": "2023-10-05T10:45:55.289Z", "user": 1, "content_type": 13, "object_id": "1", "object_repr": "ა - ah", "action_flag": 2, "change_message": "[]"}}, {"model": "admin.logentry", "pk": 435, "fields": {"action_time": "2023-10-05T10:49:25.264Z", "user": 1, "content_type": 13, "object_id": "1", "object_repr": "ა - ah", "action_flag": 2, "change_message": "[{\"changed\": {\"fields\": [\"Example image\"]}}]"}}, {"model": "admin.logentry", "pk": 436, "fields": {"action_time": "2023-10-05T10:49:40.271Z", "user": 1, "content_type": 13, "object_id": "1", "object_repr": "ა - ah", "action_flag": 2, "change_message": "[{\"changed\": {\"fields\": [\"Example image\"]}}]"}}, {"model": "admin.logentry", "pk": 437, "fields": {"action_time": "2023-10-05T10:49:48.658Z", "user": 1, "content_type": 13, "object_id": "1", "object_repr": "ა - ah", "action_flag": 2, "change_message": "[{\"changed\": {\"fields\": [\"Example image\"]}}]"}}, {"model": "admin.logentry", "pk": 438, "fields": {"action_time": "2023-10-05T10:50:04.386Z", "user": 1, "content_type": 13, "object_id": "1", "object_repr": "ა - ah", "action_flag": 2, "change_message": "[{\"changed\": {\"fields\": [\"Example image\"]}}]"}}, {"model": "admin.logentry", "pk": 439, "fields": {"action_time": "2023-10-05T10:54:13.944Z", "user": 1, "content_type": 13, "object_id": "1", "object_repr": "ა - ah", "action_flag": 2, "change_message": "[{\"changed\": {\"fields\": [\"Example image\"]}}]"}}, {"model": "admin.logentry", "pk": 440, "fields": {"action_time": "2023-10-05T10:54:27.097Z", "user": 1, "content_type": 13, "object_id": "1", "object_repr": "ა - ah", "action_flag": 2, "change_message": "[{\"changed\": {\"fields\": [\"Example image\"]}}]"}}, {"model": "admin.logentry", "pk": 441, "fields": {"action_time": "2023-10-05T11:21:45.556Z", "user": 1, "content_type": 13, "object_id": "1", "object_repr": "ა - ah", "action_flag": 2, "change_message": "[{\"changed\": {\"fields\": [\"Example image\"]}}]"}}, {"model": "admin.logentry", "pk": 442, "fields": {"action_time": "2023-10-09T10:29:08.568Z", "user": 1, "content_type": 13, "object_id": "9", "object_repr": "ი - ee", "action_flag": 2, "change_message": "[{\"changed\": {\"fields\": [\"Translation\"]}}]"}}, {"model": "admin.logentry", "pk": 443, "fields": {"action_time": "2023-10-09T10:29:33.732Z", "user": 1, "content_type": 13, "object_id": "1", "object_repr": "ა - a", "action_flag": 2, "change_message": "[{\"changed\": {\"fields\": [\"Translation\"]}}]"}}, {"model": "admin.logentry", "pk": 444, "fields": {"action_time": "2023-10-09T10:30:13.545Z", "user": 1, "content_type": 13, "object_id": "1", "object_repr": "ა - ah", "action_flag": 2, "change_message": "[{\"changed\": {\"fields\": [\"Translation\"]}}]"}}, {"model": "admin.logentry", "pk": 445, "fields": {"action_time": "2023-10-09T10:30:32.879Z", "user": 1, "content_type": 13, "object_id": "9", "object_repr": "ი - i", "action_flag": 2, "change_message": "[{\"changed\": {\"fields\": [\"Translation\"]}}]"}}, {"model": "admin.logentry", "pk": 446, "fields": {"action_time": "2023-10-09T10:30:57.022Z", "user": 1, "content_type": 13, "object_id": "11", "object_repr": "ლ - l", "action_flag": 2, "change_message": "[{\"changed\": {\"fields\": [\"Translation\"]}}]"}}, {"model": "admin.logentry", "pk": 447, "fields": {"action_time": "2023-10-09T10:31:22.943Z", "user": 1, "content_type": 13, "object_id": "15", "object_repr": "პ - p", "action_flag": 2, "change_message": "[{\"changed\": {\"fields\": [\"Translation\"]}}]"}}, {"model": "admin.logentry", "pk": 448, "fields": {"action_time": "2023-10-09T10:31:44.636Z", "user": 1, "content_type": 13, "object_id": "16", "object_repr": "ჟ - zh", "action_flag": 2, "change_message": "[{\"changed\": {\"fields\": [\"Translation\"]}}]"}}, {"model": "admin.logentry", "pk": 449, "fields": {"action_time": "2023-10-09T10:32:05.333Z", "user": 1, "content_type": 13, "object_id": "19", "object_repr": "ტ - t'", "action_flag": 2, "change_message": "[{\"changed\": {\"fields\": [\"Translation\"]}}]"}}, {"model": "admin.logentry", "pk": 450, "fields": {"action_time": "2023-10-09T10:32:16.667Z", "user": 1, "content_type": 13, "object_id": "20", "object_repr": "უ - u", "action_flag": 2, "change_message": "[{\"changed\": {\"fields\": [\"Translation\"]}}]"}}, {"model": "admin.logentry", "pk": 451, "fields": {"action_time": "2023-10-09T10:32:36.629Z", "user": 1, "content_type": 13, "object_id": "15", "object_repr": "პ - p'", "action_flag": 2, "change_message": "[{\"changed\": {\"fields\": [\"Translation\"]}}]"}}, {"model": "admin.logentry", "pk": 452, "fields": {"action_time": "2023-10-09T10:32:45.225Z", "user": 1, "content_type": 13, "object_id": "21", "object_repr": "ფ - p", "action_flag": 2, "change_message": "[{\"changed\": {\"fields\": [\"Translation\"]}}]"}}, {"model": "admin.logentry", "pk": 453, "fields": {"action_time": "2023-10-09T10:33:01.823Z", "user": 1, "content_type": 13, "object_id": "17", "object_repr": "რ - r", "action_flag": 2, "change_message": "[{\"changed\": {\"fields\": [\"Translation\"]}}]"}}, {"model": "admin.logentry", "pk": 454, "fields": {"action_time": "2023-10-09T10:33:48.261Z", "user": 1, "content_type": 13, "object_id": "22", "object_repr": "ქ - k", "action_flag": 2, "change_message": "[{\"changed\": {\"fields\": [\"Translation\"]}}]"}}, {"model": "admin.logentry", "pk": 455, "fields": {"action_time": "2023-10-09T10:34:18.173Z", "user": 1, "content_type": 13, "object_id": "31", "object_repr": "ხ - kh", "action_flag": 2, "change_message": "[{\"changed\": {\"fields\": [\"Translation\"]}}]"}}, {"model": "admin.logentry", "pk": 456, "fields": {"action_time": "2023-10-09T10:34:33.111Z", "user": 1, "content_type": 13, "object_id": "32", "object_repr": "ჯ - j", "action_flag": 2, "change_message": "[{\"changed\": {\"fields\": [\"Translation\"]}}]"}}, {"model": "admin.logentry", "pk": 457, "fields": {"action_time": "2023-10-09T10:34:42.740Z", "user": 1, "content_type": 13, "object_id": "33", "object_repr": "ჰ - h", "action_flag": 2, "change_message": "[{\"changed\": {\"fields\": [\"Translation\"]}}]"}}, {"model": "admin.logentry", "pk": 458, "fields": {"action_time": "2023-10-09T10:59:56.879Z", "user": 1, "content_type": 13, "object_id": "1", "object_repr": "ა - ah", "action_flag": 2, "change_message": "[{\"changed\": {\"fields\": [\"Example\"]}}]"}}, {"model": "admin.logentry", "pk": 459, "fields": {"action_time": "2023-10-09T11:17:02.262Z", "user": 1, "content_type": 6, "object_id": "7", "object_repr": "Monica", "action_flag": 2, "change_message": "[{\"changed\": {\"fields\": [\"password\"]}}]"}}, {"model": "admin.logentry", "pk": 460, "fields": {"action_time": "2023-10-09T11:50:33.661Z", "user": 1, "content_type": 12, "object_id": "45", "object_repr": "helix - ა - ah", "action_flag": 3, "change_message": ""}}, {"model": "admin.logentry", "pk": 461, "fields": {"action_time": "2023-10-09T11:50:33.668Z", "user": 1, "content_type": 12, "object_id": "46", "object_repr": "helix - ბ - b", "action_flag": 3, "change_message": ""}}, {"model": "admin.logentry", "pk": 462, "fields": {"action_time": "2023-10-09T11:50:33.672Z", "user": 1, "content_type": 12, "object_id": "47", "object_repr": "helix - გ - g", "action_flag": 3, "change_message": ""}}, {"model": "admin.logentry", "pk": 463, "fields": {"action_time": "2023-10-09T11:50:33.675Z", "user": 1, "content_type": 12, "object_id": "48", "object_repr": "helix - დ - d", "action_flag": 3, "change_message": ""}}, {"model": "admin.logentry", "pk": 464, "fields": {"action_time": "2023-10-09T13:07:50.288Z", "user": 1, "content_type": 13, "object_id": "7", "object_repr": "ზ - z", "action_flag": 3, "change_message": ""}}, {"model": "admin.logentry", "pk": 465, "fields": {"action_time": "2023-10-09T13:07:50.292Z", "user": 1, "content_type": 13, "object_id": "14", "object_repr": "ო - o", "action_flag": 3, "change_message": ""}}, {"model": "admin.logentry", "pk": 466, "fields": {"action_time": "2023-10-09T13:07:50.296Z", "user": 1, "content_type": 13, "object_id": "16", "object_repr": "ჟ - zh", "action_flag": 3, "change_message": ""}}, {"model": "admin.logentry", "pk": 467, "fields": {"action_time": "2023-10-09T13:07:50.300Z", "user": 1, "content_type": 13, "object_id": "22", "object_repr": "ქ - k", "action_flag": 3, "change_message": ""}}, {"model": "admin.logentry", "pk": 468, "fields": {"action_time": "2023-10-09T13:07:50.303Z", "user": 1, "content_type": 13, "object_id": "23", "object_repr": "ღ - gh", "action_flag": 3, "change_message": ""}}, {"model": "admin.logentry", "pk": 469, "fields": {"action_time": "2023-10-09T13:07:50.308Z", "user": 1, "content_type": 13, "object_id": "31", "object_repr": "ხ - kh", "action_flag": 3, "change_message": ""}}, {"model": "admin.logentry", "pk": 470, "fields": {"action_time": "2023-10-09T13:35:52.129Z", "user": 1, "content_type": 13, "object_id": "35", "object_repr": "ა - ah", "action_flag": 1, "change_message": "[{\"added\": {}}]"}}, {"model": "admin.logentry", "pk": 471, "fields": {"action_time": "2023-10-09T13:45:43.248Z", "user": 1, "content_type": 13, "object_id": "36", "object_repr": "ბ - b", "action_flag": 1, "change_message": "[{\"added\": {}}]"}}, {"model": "admin.logentry", "pk": 472, "fields": {"action_time": "2023-10-09T13:46:19.620Z", "user": 1, "content_type": 13, "object_id": "37", "object_repr": "გ - g", "action_flag": 1, "change_message": "[{\"added\": {}}]"}}, {"model": "admin.logentry", "pk": 473, "fields": {"action_time": "2023-10-09T13:47:07.864Z", "user": 1, "content_type": 13, "object_id": "38", "object_repr": "დ - d", "action_flag": 1, "change_message": "[{\"added\": {}}]"}}, {"model": "admin.logentry", "pk": 474, "fields": {"action_time": "2023-10-09T13:50:43.911Z", "user": 1, "content_type": 13, "object_id": "39", "object_repr": "ე - e", "action_flag": 1, "change_message": "[{\"added\": {}}]"}}, {"model": "admin.logentry", "pk": 475, "fields": {"action_time": "2023-10-09T13:55:05.404Z", "user": 1, "content_type": 13, "object_id": "40", "object_repr": "ვ - v", "action_flag": 1, "change_message": "[{\"added\": {}}]"}}, {"model": "admin.logentry", "pk": 476, "fields": {"action_time": "2023-10-09T13:58:51.305Z", "user": 1, "content_type": 13, "object_id": "41", "object_repr": "ზ - z", "action_flag": 1, "change_message": "[{\"added\": {}}]"}}, {"model": "admin.logentry", "pk": 477, "fields": {"action_time": "2023-10-09T14:02:46.273Z", "user": 1, "content_type": 13, "object_id": "42", "object_repr": "თ - t", "action_flag": 1, "change_message": "[{\"added\": {}}]"}}, {"model": "admin.logentry", "pk": 478, "fields": {"action_time": "2023-10-09T14:03:04.296Z", "user": 1, "content_type": 13, "object_id": "41", "object_repr": "ზ - z", "action_flag": 2, "change_message": "[{\"changed\": {\"fields\": [\"Example\"]}}]"}}, {"model": "admin.logentry", "pk": 479, "fields": {"action_time": "2023-10-09T14:04:10.610Z", "user": 1, "content_type": 13, "object_id": "43", "object_repr": "ი - i", "action_flag": 1, "change_message": "[{\"added\": {}}]"}}, {"model": "admin.logentry", "pk": 480, "fields": {"action_time": "2023-10-09T14:05:05.231Z", "user": 1, "content_type": 13, "object_id": "44", "object_repr": "კ - k’", "action_flag": 1, "change_message": "[{\"added\": {}}]"}}, {"model": "admin.logentry", "pk": 481, "fields": {"action_time": "2023-10-09T14:05:37.318Z", "user": 1, "content_type": 13, "object_id": "45", "object_repr": "ლ - l", "action_flag": 1, "change_message": "[{\"added\": {}}]"}}, {"model": "admin.logentry", "pk": 482, "fields": {"action_time": "2023-10-09T14:06:31.870Z", "user": 1, "content_type": 13, "object_id": "46", "object_repr": "მ - m", "action_flag": 1, "change_message": "[{\"added\": {}}]"}}, {"model": "admin.logentry", "pk": 483, "fields": {"action_time": "2023-10-09T14:06:50.825Z", "user": 1, "content_type": 13, "object_id": "38", "object_repr": "დ - d", "action_flag": 2, "change_message": "[{\"changed\": {\"fields\": [\"Example\"]}}]"}}, {"model": "admin.logentry", "pk": 484, "fields": {"action_time": "2023-10-09T14:07:08.195Z", "user": 1, "content_type": 13, "object_id": "47", "object_repr": "ნ - n", "action_flag": 1, "change_message": "[{\"added\": {}}]"}}, {"model": "admin.logentry", "pk": 485, "fields": {"action_time": "2023-10-09T14:07:55.129Z", "user": 1, "content_type": 13, "object_id": "48", "object_repr": "ო - o", "action_flag": 1, "change_message": "[{\"added\": {}}]"}}, {"model": "admin.logentry", "pk": 486, "fields": {"action_time": "2023-10-09T14:08:24.667Z", "user": 1, "content_type": 13, "object_id": "49", "object_repr": "პ - p", "action_flag": 1, "change_message": "[{\"added\": {}}]"}}, {"model": "admin.logentry", "pk": 487, "fields": {"action_time": "2023-10-09T14:08:58.246Z", "user": 1, "content_type": 13, "object_id": "50", "object_repr": "ჟ - zh", "action_flag": 1, "change_message": "[{\"added\": {}}]"}}, {"model": "admin.logentry", "pk": 488, "fields": {"action_time": "2023-10-09T14:09:29.643Z", "user": 1, "content_type": 13, "object_id": "51", "object_repr": "რ - r", "action_flag": 1, "change_message": "[{\"added\": {}}]"}}, {"model": "admin.logentry", "pk": 489, "fields": {"action_time": "2023-10-09T14:10:08.086Z", "user": 1, "content_type": 13, "object_id": "52", "object_repr": "ს - s", "action_flag": 1, "change_message": "[{\"added\": {}}]"}}, {"model": "admin.logentry", "pk": 490, "fields": {"action_time": "2023-10-09T14:10:51.205Z", "user": 1, "content_type": 13, "object_id": "53", "object_repr": "ტ - t'", "action_flag": 1, "change_message": "[{\"added\": {}}]"}}, {"model": "admin.logentry", "pk": 491, "fields": {"action_time": "2023-10-09T14:11:04.312Z", "user": 1, "content_type": 13, "object_id": "54", "object_repr": "უ - u", "action_flag": 1, "change_message": "[{\"added\": {}}]"}}, {"model": "admin.logentry", "pk": 492, "fields": {"action_time": "2023-10-09T14:11:31.913Z", "user": 1, "content_type": 13, "object_id": "55", "object_repr": "ფ - p", "action_flag": 1, "change_message": "[{\"added\": {}}]"}}, {"model": "admin.logentry", "pk": 493, "fields": {"action_time": "2023-10-09T14:12:46.476Z", "user": 1, "content_type": 13, "object_id": "56", "object_repr": "ქ - k", "action_flag": 1, "change_message": "[{\"added\": {}}]"}}, {"model": "admin.logentry", "pk": 494, "fields": {"action_time": "2023-10-09T14:13:36.151Z", "user": 1, "content_type": 13, "object_id": "57", "object_repr": "ღ - gh", "action_flag": 1, "change_message": "[{\"added\": {}}]"}}, {"model": "admin.logentry", "pk": 495, "fields": {"action_time": "2023-10-09T14:14:21.175Z", "user": 1, "content_type": 13, "object_id": "58", "object_repr": "ყ - q'", "action_flag": 1, "change_message": "[{\"added\": {}}]"}}, {"model": "admin.logentry", "pk": 496, "fields": {"action_time": "2023-10-09T14:15:13.553Z", "user": 1, "content_type": 13, "object_id": "59", "object_repr": "შ - sh", "action_flag": 1, "change_message": "[{\"added\": {}}]"}}, {"model": "admin.logentry", "pk": 497, "fields": {"action_time": "2023-10-09T14:15:44.016Z", "user": 1, "content_type": 13, "object_id": "60", "object_repr": "ჩ - ch", "action_flag": 1, "change_message": "[{\"added\": {}}]"}}, {"model": "admin.logentry", "pk": 498, "fields": {"action_time": "2023-10-09T14:16:14.588Z", "user": 1, "content_type": 13, "object_id": "61", "object_repr": "ც - ts", "action_flag": 1, "change_message": "[{\"added\": {}}]"}}, {"model": "admin.logentry", "pk": 499, "fields": {"action_time": "2023-10-09T14:16:42.139Z", "user": 1, "content_type": 13, "object_id": "62", "object_repr": "ძ - dz", "action_flag": 1, "change_message": "[{\"added\": {}}]"}}, {"model": "admin.logentry", "pk": 500, "fields": {"action_time": "2023-10-09T14:17:55.124Z", "user": 1, "content_type": 13, "object_id": "63", "object_repr": "წ - ts’", "action_flag": 1, "change_message": "[{\"added\": {}}]"}}, {"model": "admin.logentry", "pk": 501, "fields": {"action_time": "2023-10-09T14:18:40.379Z", "user": 1, "content_type": 13, "object_id": "64", "object_repr": "ჭ - ch’", "action_flag": 1, "change_message": "[{\"added\": {}}]"}}, {"model": "admin.logentry", "pk": 502, "fields": {"action_time": "2023-10-09T14:19:04.048Z", "user": 1, "content_type": 13, "object_id": "65", "object_repr": "ხ - kh", "action_flag": 1, "change_message": "[{\"added\": {}}]"}}, {"model": "admin.logentry", "pk": 503, "fields": {"action_time": "2023-10-09T14:19:25.189Z", "user": 1, "content_type": 13, "object_id": "66", "object_repr": "ჯ - j", "action_flag": 1, "change_message": "[{\"added\": {}}]"}}, {"model": "admin.logentry", "pk": 504, "fields": {"action_time": "2023-10-09T14:19:35.468Z", "user": 1, "content_type": 13, "object_id": "67", "object_repr": "ჰ - h", "action_flag": 1, "change_message": "[{\"added\": {}}]"}}, {"model": "admin.logentry", "pk": 505, "fields": {"action_time": "2023-10-10T12:57:00.448Z", "user": 1, "content_type": 13, "object_id": "35", "object_repr": "ა - ah", "action_flag": 2, "change_message": "[{\"changed\": {\"fields\": [\"Example image\"]}}]"}}, {"model": "admin.logentry", "pk": 506, "fields": {"action_time": "2023-10-10T13:33:05.508Z", "user": 1, "content_type": 13, "object_id": "68", "object_repr": "შენ - You", "action_flag": 1, "change_message": "[{\"added\": {}}]"}}, {"model": "admin.logentry", "pk": 507, "fields": {"action_time": "2023-10-10T13:34:20.559Z", "user": 1, "content_type": 13, "object_id": "69", "object_repr": "გამარჯობა - Hello", "action_flag": 1, "change_message": "[{\"added\": {}}]"}}, {"model": "admin.logentry", "pk": 508, "fields": {"action_time": "2023-10-10T13:35:43.777Z", "user": 1, "content_type": 13, "object_id": "70", "object_repr": "მადლობა - Thank you", "action_flag": 1, "change_message": "[{\"added\": {}}]"}}, {"model": "auth.permission", "pk": 1, "fields": {"name": "Can add log entry", "content_type": 1, "codename": "add_logentry"}}, {"model": "auth.permission", "pk": 2, "fields": {"name": "Can change log entry", "content_type": 1, "codename": "change_logentry"}}, {"model": "auth.permission", "pk": 3, "fields": {"name": "Can delete log entry", "content_type": 1, "codename": "delete_logentry"}}, {"model": "auth.permission", "pk": 4, "fields": {"name": "Can view log entry", "content_type": 1, "codename": "view_logentry"}}, {"model": "auth.permission", "pk": 5, "fields": {"name": "Can add permission", "content_type": 2, "codename": "add_permission"}}, {"model": "auth.permission", "pk": 6, "fields": {"name": "Can change permission", "content_type": 2, "codename": "change_permission"}}, {"model": "auth.permission", "pk": 7, "fields": {"name": "Can delete permission", "content_type": 2, "codename": "delete_permission"}}, {"model": "auth.permission", "pk": 8, "fields": {"name": "Can view permission", "content_type": 2, "codename": "view_permission"}}, {"model": "auth.permission", "pk": 9, "fields": {"name": "Can add group", "content_type": 3, "codename": "add_group"}}, {"model": "auth.permission", "pk": 10, "fields": {"name": "Can change group", "content_type": 3, "codename": "change_group"}}, {"model": "auth.permission", "pk": 11, "fields": {"name": "Can delete group", "content_type": 3, "codename": "delete_group"}}, {"model": "auth.permission", "pk": 12, "fields": {"name": "Can view group", "content_type": 3, "codename": "view_group"}}, {"model": "auth.permission", "pk": 13, "fields": {"name": "Can add content type", "content_type": 4, "codename": "add_contenttype"}}, {"model": "auth.permission", "pk": 14, "fields": {"name": "Can change content type", "content_type": 4, "codename": "change_contenttype"}}, {"model": "auth.permission", "pk": 15, "fields": {"name": "Can delete content type", "content_type": 4, "codename": "delete_contenttype"}}, {"model": "auth.permission", "pk": 16, "fields": {"name": "Can view content type", "content_type": 4, "codename": "view_contenttype"}}, {"model": "auth.permission", "pk": 17, "fields": {"name": "Can add session", "content_type": 5, "codename": "add_session"}}, {"model": "auth.permission", "pk": 18, "fields": {"name": "Can change session", "content_type": 5, "codename": "change_session"}}, {"model": "auth.permission", "pk": 19, "fields": {"name": "Can delete session", "content_type": 5, "codename": "delete_session"}}, {"model": "auth.permission", "pk": 20, "fields": {"name": "Can view session", "content_type": 5, "codename": "view_session"}}, {"model": "auth.permission", "pk": 21, "fields": {"name": "Can add user", "content_type": 6, "codename": "add_customuser"}}, {"model": "auth.permission", "pk": 22, "fields": {"name": "Can change user", "content_type": 6, "codename": "change_customuser"}}, {"model": "auth.permission", "pk": 23, "fields": {"name": "Can delete user", "content_type": 6, "codename": "delete_customuser"}}, {"model": "auth.permission", "pk": 24, "fields": {"name": "Can view user", "content_type": 6, "codename": "view_customuser"}}, {"model": "auth.permission", "pk": 25, "fields": {"name": "Can add custom group", "content_type": 7, "codename": "add_customgroup"}}, {"model": "auth.permission", "pk": 26, "fields": {"name": "Can change custom group", "content_type": 7, "codename": "change_customgroup"}}, {"model": "auth.permission", "pk": 27, "fields": {"name": "Can delete custom group", "content_type": 7, "codename": "delete_customgroup"}}, {"model": "auth.permission", "pk": 28, "fields": {"name": "Can view custom group", "content_type": 7, "codename": "view_customgroup"}}, {"model": "auth.permission", "pk": 29, "fields": {"name": "Can add my profile", "content_type": 8, "codename": "add_myprofile"}}, {"model": "auth.permission", "pk": 30, "fields": {"name": "Can change my profile", "content_type": 8, "codename": "change_myprofile"}}, {"model": "auth.permission", "pk": 31, "fields": {"name": "Can delete my profile", "content_type": 8, "codename": "delete_myprofile"}}, {"model": "auth.permission", "pk": 32, "fields": {"name": "Can view my profile", "content_type": 8, "codename": "view_myprofile"}}, {"model": "auth.permission", "pk": 33, "fields": {"name": "Can add block", "content_type": 9, "codename": "add_block"}}, {"model": "auth.permission", "pk": 34, "fields": {"name": "Can change block", "content_type": 9, "codename": "change_block"}}, {"model": "auth.permission", "pk": 35, "fields": {"name": "Can delete block", "content_type": 9, "codename": "delete_block"}}, {"model": "auth.permission", "pk": 36, "fields": {"name": "Can view block", "content_type": 9, "codename": "view_block"}}, {"model": "auth.permission", "pk": 37, "fields": {"name": "Can add word", "content_type": 10, "codename": "add_word"}}, {"model": "auth.permission", "pk": 38, "fields": {"name": "Can change word", "content_type": 10, "codename": "change_word"}}, {"model": "auth.permission", "pk": 39, "fields": {"name": "Can delete word", "content_type": 10, "codename": "delete_word"}}, {"model": "auth.permission", "pk": 40, "fields": {"name": "Can view word", "content_type": 10, "codename": "view_word"}}, {"model": "auth.permission", "pk": 41, "fields": {"name": "Can add quiz result", "content_type": 11, "codename": "add_quizresult"}}, {"model": "auth.permission", "pk": 42, "fields": {"name": "Can change quiz result", "content_type": 11, "codename": "change_quizresult"}}, {"model": "auth.permission", "pk": 43, "fields": {"name": "Can delete quiz result", "content_type": 11, "codename": "delete_quizresult"}}, {"model": "auth.permission", "pk": 44, "fields": {"name": "Can view quiz result", "content_type": 11, "codename": "view_quizresult"}}, {"model": "auth.permission", "pk": 45, "fields": {"name": "Can add user word", "content_type": 12, "codename": "add_userword"}}, {"model": "auth.permission", "pk": 46, "fields": {"name": "Can change user word", "content_type": 12, "codename": "change_userword"}}, {"model": "auth.permission", "pk": 47, "fields": {"name": "Can delete user word", "content_type": 12, "codename": "delete_userword"}}, {"model": "auth.permission", "pk": 48, "fields": {"name": "Can view user word", "content_type": 12, "codename": "view_userword"}}, {"model": "auth.permission", "pk": 49, "fields": {"name": "Can add word info", "content_type": 13, "codename": "add_wordinfo"}}, {"model": "auth.permission", "pk": 50, "fields": {"name": "Can change word info", "content_type": 13, "codename": "change_wordinfo"}}, {"model": "auth.permission", "pk": 51, "fields": {"name": "Can delete word info", "content_type": 13, "codename": "delete_wordinfo"}}, {"model": "auth.permission", "pk": 52, "fields": {"name": "Can view word info", "content_type": 13, "codename": "view_wordinfo"}}, {"model": "contenttypes.contenttype", "pk": 1, "fields": {"app_label": "admin", "model": "logentry"}}, {"model": "contenttypes.contenttype", "pk": 2, "fields": {"app_label": "auth", "model": "permission"}}, {"model": "contenttypes.contenttype", "pk": 3, "fields": {"app_label": "auth", "model": "group"}}, {"model": "contenttypes.contenttype", "pk": 4, "fields": {"app_label": "contenttypes", "model": "contenttype"}}, {"model": "contenttypes.contenttype", "pk": 5, "fields": {"app_label": "sessions", "model": "session"}}, {"model": "contenttypes.contenttype", "pk": 6, "fields": {"app_label": "accounts", "model": "customuser"}}, {"model": "contenttypes.contenttype", "pk": 7, "fields": {"app_label": "accounts", "model": "customgroup"}}, {"model": "contenttypes.contenttype", "pk": 8, "fields": {"app_label": "accounts", "model": "myprofile"}}, {"model": "contenttypes.contenttype", "pk": 9, "fields": {"app_label": "word_bank", "model": "block"}}, {"model": "contenttypes.contenttype", "pk": 10, "fields": {"app_label": "word_bank", "model": "word"}}, {"model": "contenttypes.contenttype", "pk": 11, "fields": {"app_label": "word_bank", "model": "quizresult"}}, {"model": "contenttypes.contenttype", "pk": 12, "fields": {"app_label": "word_bank", "model": "userword"}}, {"model": "contenttypes.contenttype", "pk": 13, "fields": {"app_label": "word_bank", "model": "wordinfo"}}, {"model": "sessions.session", "pk": "2fozlrjgf3gfktv5jd8gmurdlgks2kfk", "fields": {"session_data": "e30:1qlzcu:dFvnHDnz--RCQ3mvu5RWfwbpAm0F6WYkAFpVwTOQLRE", "expire_date": "2023-10-12T22:36:56.211Z"}}, {"model": "sessions.session", "pk": "gs6mvlmlvbwgv6p0tpfhzdxfws6pomsj", "fields": {"session_data": ".eJxVjDEOwjAMRe-SGUVNUmLDyM4ZIjt2SQGlUtNOiLtDpQ6w_vfef5lE61LS2nROo5izcebwuzHlh9YNyJ3qbbJ5qss8st0Uu9Nmr5Po87K7fweFWvnWHKGPHjoaTsreA2kUohBAOhYMR3RZ-5xRQQFxQHJELOqDZ5FIYN4f-Ao48Q:1qqFF5:lzP4dLFNME6yCr5j8_-e01BLfkbU6KOCKQTpmXOySYU", "expire_date": "2023-10-24T16:05:55.890Z"}}, {"model": "sessions.session", "pk": "gxr8tt5rfim1mow6fj8n3btkh9xw5m2i", "fields": {"session_data": "e30:1qlzbn:OGvNEoG15DDTPeP4I6x9tZrtiBd2PZI_AOJkjQzKw7w", "expire_date": "2023-10-12T22:35:47.042Z"}}, {"model": "accounts.customuser", "pk": 1, "fields": {"password": "pbkdf2_sha256$600000$skoMZnFsxTBPVGv22ER3cv$+5HpHOLyNjf16KrpEUBqLHOj3wIL4wZW0eb9rCuGgYE=", "last_login": "2023-10-10T16:05:55.886Z", "is_superuser": true, "username": "helix", "first_name": "", "last_name": "", "email": "", "is_staff": true, "date_joined": "2023-09-28T21:19:27Z", "is_premium": true, "is_active": true, "groups": [], "user_permissions": []}}, {"model": "accounts.customuser", "pk": 7, "fields": {"password": "pbkdf2_sha256$600000$3Ejee6qw8HyiG86tqkwOSq$A+ex5b1CL5+hZmwwK4+jTAd0RA/exe1RIzR+QFdks7o=", "last_login": "2023-10-09T16:20:49.146Z", "is_superuser": false, "username": "Monica", "first_name": "", "last_name": "", "email": "monica@gmail.com", "is_staff": false, "date_joined": "2023-10-04T13:41:32Z", "is_premium": false, "is_active": true, "groups": [], "user_permissions": []}}, {"model": "accounts.customuser", "pk": 8, "fields": {"password": "pbkdf2_sha256$600000$HDVZmFe4TX4dyKLHbvSm7L$PC5ulJAwVVJVFnkfAnS4qeUcz5W0jpduI6TgH+CTSYA=", "last_login": "2023-10-04T13:47:14.432Z", "is_superuser": false, "username": "Inkwell", "first_name": "", "last_name": "", "email": "inkwell.starlight@gmail.com", "is_staff": false, "date_joined": "2023-10-04T13:44:09.830Z", "is_premium": false, "is_active": true, "groups": [], "user_permissions": []}}, {"model": "word_bank.block", "pk": 1, "fields": {"name": "Basics", "slug": "basics", "description": "I, you, hello, thank you", "added_at": "2023-09-29T10:33:03.757Z", "updated_at": "2023-10-02T10:56:25.121Z"}}, {"model": "word_bank.block", "pk": 2, "fields": {"name": "Basic Verbs", "slug": "basic-verbs", "description": "to want, to eat, to need", "added_at": "2023-09-29T10:33:07.165Z", "updated_at": "2023-10-02T10:56:20.280Z"}}, {"model": "word_bank.block", "pk": 3, "fields": {"name": "Numbers 1-10", "slug": "numbers-1-10", "description": "Basic numbers", "added_at": "2023-09-29T10:33:09.565Z", "updated_at": "2023-10-02T10:56:14.485Z"}}, {"model": "word_bank.block", "pk": 4, "fields": {"name": "Alphabet", "slug": "alphabet", "description": "from ა to ჰ", "added_at": "2023-09-29T10:38:40.913Z", "updated_at": "2023-10-02T10:55:46.572Z"}}, {"model": "word_bank.block", "pk": 5, "fields": {"name": "Syllables", "slug": "syllables", "description": "Syllables to practice letter comprehension", "added_at": "2023-10-05T08:56:40.405Z", "updated_at": "2023-10-05T08:56:40.405Z"}}, {"model": "word_bank.wordinfo", "pk": 34, "fields": {"name": "მე", "transliteration": "meh", "translation": "I, me", "example": "ეს მე ვარ (es meh var) - It's me", "example_image": "", "audio": "", "image": "", "added_at": "2023-10-05T08:52:03.413Z", "blocks": [1]}}, {"model": "word_bank.wordinfo", "pk": 35, "fields": {"name": "ა", "transliteration": "/ɑ/", "translation": "ah", "example": "არა /ara/ - no", "example_image": "static/images/word_example/no_symbol.png", "audio": "", "image": "", "added_at": "2023-10-09T13:35:52.126Z", "blocks": [4]}}, {"model": "word_bank.wordinfo", "pk": 36, "fields": {"name": "ბ", "transliteration": "/b/", "translation": "b", "example": "ბანანი /banani/ - banana", "example_image": "", "audio": "", "image": "", "added_at": "2023-10-09T13:45:43.245Z", "blocks": [4]}}, {"model": "word_bank.wordinfo", "pk": 37, "fields": {"name": "გ", "transliteration": "/ɡ/", "translation": "g", "example": "გოგო /gogo/ - girl", "example_image": "", "audio": "", "image": "", "added_at": "2023-10-09T13:46:19.618Z", "blocks": [4]}}, {"model": "word_bank.wordinfo", "pk": 38, "fields": {"name": "დ", "transliteration": "/d/", "translation": "d", "example": "დედა /deda/ - mother", "example_image": "", "audio": "", "image": "", "added_at": "2023-10-09T13:47:07.858Z", "blocks": [4]}}, {"model": "word_bank.wordinfo", "pk": 39, "fields": {"name": "ე", "transliteration": "/ɛ/", "translation": "e", "example": "ერთი /erti/ - one", "example_image": "", "audio": "", "image": "", "added_at": "2023-10-09T13:50:43.909Z", "blocks": [4]}}, {"model": "word_bank.wordinfo", "pk": 40, "fields": {"name": "ვ", "transliteration": "/v/", "translation": "v", "example": "ვინ /vin/ - who", "example_image": "", "audio": "", "image": "", "added_at": "2023-10-09T13:55:05.401Z", "blocks": [4]}}, {"model": "word_bank.wordinfo", "pk": 41, "fields": {"name": "ზ", "transliteration": "/z/", "translation": "z", "example": "ზაფხული /zapkhuli/ - summer", "example_image": "", "audio": "", "image": "", "added_at": "2023-10-09T13:58:51.301Z", "blocks": [4]}}, {"model": "word_bank.wordinfo", "pk": 42, "fields": {"name": "თ", "transliteration": "/tʰ/", "translation": "t", "example": "თეთრი /tetri/ - white", "example_image": "", "audio": "", "image": "", "added_at": "2023-10-09T14:02:46.270Z", "blocks": [4]}}, {"model": "word_bank.wordinfo", "pk": 43, "fields": {"name": "ი", "transliteration": "/i/", "translation": "i", "example": "ისინი /isini/ - they", "example_image": "", "audio": "", "image": "", "added_at": "2023-10-09T14:04:10.603Z", "blocks": [4]}}, {"model": "word_bank.wordinfo", "pk": 44, "fields": {"name": "კ", "transliteration": "/k’/", "translation": "k’", "example": "კაცი /k'atsi/ - man", "example_image": "", "audio": "", "image": "", "added_at": "2023-10-09T14:05:05.228Z", "blocks": [4]}}, {"model": "word_bank.wordinfo", "pk": 45, "fields": {"name": "ლ", "transliteration": "/l/", "translation": "l", "example": "", "example_image": "", "audio": "", "image": "", "added_at": "2023-10-09T14:05:37.315Z", "blocks": [4]}}, {"model": "word_bank.wordinfo", "pk": 46, "fields": {"name": "მ", "transliteration": "/m/", "translation": "m", "example": "მამა /mama/ - father", "example_image": "", "audio": "", "image": "", "added_at": "2023-10-09T14:06:31.867Z", "blocks": [4]}}, {"model": "word_bank.wordinfo", "pk": 47, "fields": {"name": "ნ", "transliteration": "/n/", "translation": "n", "example": "", "example_image": "", "audio": "", "image": "", "added_at": "2023-10-09T14:07:08.190Z", "blocks": [4]}}, {"model": "word_bank.wordinfo", "pk": 48, "fields": {"name": "ო", "transliteration": "/ɔ/", "translation": "o", "example": "ორი /ori/ - two", "example_image": "", "audio": "", "image": "", "added_at": "2023-10-09T14:07:55.125Z", "blocks": [4]}}, {"model": "word_bank.wordinfo", "pk": 49, "fields": {"name": "პ", "transliteration": "/p'/", "translation": "p", "example": "", "example_image": "", "audio": "", "image": "", "added_at": "2023-10-09T14:08:24.665Z", "blocks": [4]}}, {"model": "word_bank.wordinfo", "pk": 50, "fields": {"name": "ჟ", "transliteration": "/ʒ/", "translation": "zh", "example": "", "example_image": "", "audio": "", "image": "", "added_at": "2023-10-09T14:08:58.244Z", "blocks": [4]}}, {"model": "word_bank.wordinfo", "pk": 51, "fields": {"name": "რ", "transliteration": "/r/", "translation": "r", "example": "", "example_image": "", "audio": "", "image": "", "added_at": "2023-10-09T14:09:29.641Z", "blocks": [4]}}, {"model": "word_bank.wordinfo", "pk": 52, "fields": {"name": "ს", "transliteration": "/s/", "translation": "s", "example": "სამი /sami/ - three", "example_image": "", "audio": "", "image": "", "added_at": "2023-10-09T14:10:08.082Z", "blocks": [4]}}, {"model": "word_bank.wordinfo", "pk": 53, "fields": {"name": "ტ", "transliteration": "/t'/", "translation": "t'", "example": "", "example_image": "", "audio": "", "image": "", "added_at": "2023-10-09T14:10:51.200Z", "blocks": [4]}}, {"model": "word_bank.wordinfo", "pk": 54, "fields": {"name": "უ", "transliteration": "/u/", "translation": "u", "example": "", "example_image": "", "audio": "", "image": "", "added_at": "2023-10-09T14:11:04.310Z", "blocks": [4]}}, {"model": "word_bank.wordinfo", "pk": 55, "fields": {"name": "ფ", "transliteration": "/pʰ/", "translation": "p", "example": "", "example_image": "", "audio": "", "image": "", "added_at": "2023-10-09T14:11:31.911Z", "blocks": [4]}}, {"model": "word_bank.wordinfo", "pk": 56, "fields": {"name": "ქ", "transliteration": "/kʰ/", "translation": "k", "example": "ქართული ენა /kartuli ena/ - Georgian language", "example_image": "", "audio": "", "image": "", "added_at": "2023-10-09T14:12:46.474Z", "blocks": [4]}}, {"model": "word_bank.wordinfo", "pk": 57, "fields": {"name": "ღ", "transliteration": "/ɣ/", "translation": "gh", "example": "", "example_image": "", "audio": "", "image": "", "added_at": "2023-10-09T14:13:36.149Z", "blocks": [4]}}, {"model": "word_bank.wordinfo", "pk": 58, "fields": {"name": "ყ", "transliteration": "/q’/", "translation": "q'", "example": "ყველაფერი /q’velaperi/ - everything", "example_image": "", "audio": "", "image": "", "added_at": "2023-10-09T14:14:21.173Z", "blocks": [4]}}, {"model": "word_bank.wordinfo", "pk": 59, "fields": {"name": "შ", "transliteration": "/ʃ/", "translation": "sh", "example": "", "example_image": "", "audio": "", "image": "", "added_at": "2023-10-09T14:15:13.550Z", "blocks": [4]}}, {"model": "word_bank.wordinfo", "pk": 60, "fields": {"name": "ჩ", "transliteration": "/t͡ʃʰ/", "translation": "ch", "example": "", "example_image": "", "audio": "", "image": "", "added_at": "2023-10-09T14:15:44.013Z", "blocks": [4]}}, {"model": "word_bank.wordinfo", "pk": 61, "fields": {"name": "ც", "transliteration": "/t͡sʰ/", "translation": "ts", "example": "ცოტა /tsot'a/ - a little", "example_image": "", "audio": "", "image": "", "added_at": "2023-10-09T14:16:14.583Z", "blocks": [4]}}, {"model": "word_bank.wordinfo", "pk": 62, "fields": {"name": "ძ", "transliteration": "/d͡z/", "translation": "dz", "example": "", "example_image": "", "audio": "", "image": "", "added_at": "2023-10-09T14:16:42.136Z", "blocks": [4]}}, {"model": "word_bank.wordinfo", "pk": 63, "fields": {"name": "წ", "transliteration": "/t͡s’/", "translation": "ts’", "example": "წყალი /ts’q’ali/ - water", "example_image": "", "audio": "", "image": "", "added_at": "2023-10-09T14:17:55.122Z", "blocks": [4]}}, {"model": "word_bank.wordinfo", "pk": 64, "fields": {"name": "ჭ", "transliteration": "/t͡ʃ’/", "translation": "ch’", "example": "", "example_image": "", "audio": "", "image": "", "added_at": "2023-10-09T14:18:40.373Z", "blocks": [4]}}, {"model": "word_bank.wordinfo", "pk": 65, "fields": {"name": "ხ", "transliteration": "/x/", "translation": "kh", "example": "", "example_image": "", "audio": "", "image": "", "added_at": "2023-10-09T14:19:04.046Z", "blocks": [4]}}, {"model": "word_bank.wordinfo", "pk": 66, "fields": {"name": "ჯ", "transliteration": "/d͡ʒ/", "translation": "j", "example": "", "example_image": "", "audio": "", "image": "", "added_at": "2023-10-09T14:19:25.185Z", "blocks": [4]}}, {"model": "word_bank.wordinfo", "pk": 67, "fields": {"name": "ჰ", "transliteration": "/h/", "translation": "h", "example": "", "example_image": "", "audio": "", "image": "", "added_at": "2023-10-09T14:19:35.463Z", "blocks": [4]}}, {"model": "word_bank.wordinfo", "pk": 68, "fields": {"name": "შენ", "transliteration": "shen", "translation": "You", "example": "სად ხარ? / sad khar / - Where are you?", "example_image": "", "audio": "", "image": "", "added_at": "2023-10-10T13:33:05.503Z", "blocks": [1]}}, {"model": "word_bank.wordinfo", "pk": 69, "fields": {"name": "გამარჯობა", "transliteration": "gamardjoba", "translation": "Hello", "example": "გამარჯობა როგორ ხარ? / gamarjoba rogor khar / Hello, how are you?", "example_image": "", "audio": "", "image": "", "added_at": "2023-10-10T13:34:20.555Z", "blocks": [1]}}, {"model": "word_bank.wordinfo", "pk": 70, "fields": {"name": "მადლობა", "transliteration": "madloba", "translation": "Thank you", "example": "დიდი მადლობა, ბატონო / didi madloba, bat'ono / Thank you, sir", "example_image": "", "audio": "", "image": "", "added_at": "2023-10-10T13:35:43.773Z", "blocks": [1]}}, {"model": "word_bank.userword", "pk": 102, "fields": {"word": 39, "user": 1, "points": 3, "mastery_level": 1, "added_at": "2023-10-09T14:25:20.105Z"}}, {"model": "word_bank.userword", "pk": 103, "fields": {"word": 65, "user": 1, "points": 2, "mastery_level": 1, "added_at": "2023-10-09T15:07:37.281Z"}}, {"model": "word_bank.userword", "pk": 104, "fields": {"word": 59, "user": 1, "points": 1, "mastery_level": 1, "added_at": "2023-10-09T15:20:33.742Z"}}, {"model": "word_bank.userword", "pk": 105, "fields": {"word": 60, "user": 1, "points": 0, "mastery_level": 0, "added_at": "2023-10-09T15:20:38.526Z"}}, {"model": "word_bank.userword", "pk": 106, "fields": {"word": 35, "user": 1, "points": 0, "mastery_level": 0, "added_at": "2023-10-09T15:25:59.426Z"}}, {"model": "word_bank.userword", "pk": 107, "fields": {"word": 36, "user": 1, "points": 2, "mastery_level": 1, "added_at": "2023-10-09T15:26:02.812Z"}}, {"model": "word_bank.userword", "pk": 108, "fields": {"word": 37, "user": 1, "points": 2, "mastery_level": 1, "added_at": "2023-10-09T15:26:06.329Z"}}, {"model": "word_bank.userword", "pk": 109, "fields": {"word": 38, "user": 1, "points": 3, "mastery_level": 1, "added_at": "2023-10-09T15:26:07.451Z"}}, {"model": "word_bank.userword", "pk": 110, "fields": {"word": 40, "user": 1, "points": 0, "mastery_level": 0, "added_at": "2023-10-09T15:26:10.168Z"}}, {"model": "word_bank.userword", "pk": 111, "fields": {"word": 41, "user": 1, "points": 3, "mastery_level": 1, "added_at": "2023-10-09T15:26:20.354Z"}}, {"model": "word_bank.userword", "pk": 112, "fields": {"word": 42, "user": 1, "points": 2, "mastery_level": 1, "added_at": "2023-10-09T15:26:21.492Z"}}, {"model": "word_bank.userword", "pk": 113, "fields": {"word": 43, "user": 1, "points": 0, "mastery_level": 0, "added_at": "2023-10-09T15:26:21.722Z"}}, {"model": "word_bank.userword", "pk": 114, "fields": {"word": 44, "user": 1, "points": 2, "mastery_level": 1, "added_at": "2023-10-09T15:26:21.891Z"}}, {"model": "word_bank.userword", "pk": 115, "fields": {"word": 45, "user": 1, "points": 4, "mastery_level": 1, "added_at": "2023-10-09T15:26:22.144Z"}}, {"model": "word_bank.userword", "pk": 116, "fields": {"word": 46, "user": 1, "points": 4, "mastery_level": 1, "added_at": "2023-10-09T15:26:45.981Z"}}, {"model": "word_bank.userword", "pk": 117, "fields": {"word": 47, "user": 1, "points": 1, "mastery_level": 1, "added_at": "2023-10-09T15:26:46.159Z"}}, {"model": "word_bank.userword", "pk": 118, "fields": {"word": 48, "user": 1, "points": 4, "mastery_level": 1, "added_at": "2023-10-09T15:26:46.423Z"}}, {"model": "word_bank.userword", "pk": 119, "fields": {"word": 49, "user": 1, "points": 1, "mastery_level": 1, "added_at": "2023-10-09T15:26:46.795Z"}}, {"model": "word_bank.userword", "pk": 120, "fields": {"word": 50, "user": 1, "points": 4, "mastery_level": 1, "added_at": "2023-10-09T15:26:47.718Z"}}, {"model": "word_bank.userword", "pk": 121, "fields": {"word": 51, "user": 1, "points": 0, "mastery_level": 0, "added_at": "2023-10-09T15:27:13.384Z"}}, {"model": "word_bank.userword", "pk": 122, "fields": {"word": 52, "user": 1, "points": 2, "mastery_level": 1, "added_at": "2023-10-09T15:27:14.009Z"}}, {"model": "word_bank.userword", "pk": 123, "fields": {"word": 53, "user": 1, "points": 1, "mastery_level": 1, "added_at": "2023-10-09T15:27:14.462Z"}}, {"model": "word_bank.userword", "pk": 124, "fields": {"word": 54, "user": 1, "points": 2, "mastery_level": 1, "added_at": "2023-10-09T15:27:14.993Z"}}, {"model": "word_bank.userword", "pk": 125, "fields": {"word": 55, "user": 1, "points": 0, "mastery_level": 0, "added_at": "2023-10-09T15:27:19.010Z"}}, {"model": "word_bank.userword", "pk": 126, "fields": {"word": 56, "user": 1, "points": 0, "mastery_level": 0, "added_at": "2023-10-09T15:27:34.790Z"}}, {"model": "word_bank.userword", "pk": 127, "fields": {"word": 57, "user": 1, "points": 1, "mastery_level": 1, "added_at": "2023-10-09T15:27:35.849Z"}}, {"model": "word_bank.userword", "pk": 128, "fields": {"word": 58, "user": 1, "points": 2, "mastery_level": 1, "added_at": "2023-10-09T15:27:36.028Z"}}, {"model": "word_bank.userword", "pk": 129, "fields": {"word": 61, "user": 1, "points": 1, "mastery_level": 1, "added_at": "2023-10-09T15:27:36.208Z"}}, {"model": "word_bank.userword", "pk": 130, "fields": {"word": 62, "user": 1, "points": 1, "mastery_level": 1, "added_at": "2023-10-09T15:27:36.388Z"}}, {"model": "word_bank.userword", "pk": 131, "fields": {"word": 63, "user": 1, "points": 0, "mastery_level": 0, "added_at": "2023-10-09T15:28:03.806Z"}}, {"model": "word_bank.userword", "pk": 132, "fields": {"word": 64, "user": 1, "points": 1, "mastery_level": 1, "added_at": "2023-10-09T15:28:04.003Z"}}, {"model": "word_bank.userword", "pk": 133, "fields": {"word": 66, "user": 1, "points": 1, "mastery_level": 1, "added_at": "2023-10-09T15:28:04.167Z"}}, {"model": "word_bank.userword", "pk": 134, "fields": {"word": 67, "user": 1, "points": 1, "mastery_level": 1, "added_at": "2023-10-09T15:28:04.335Z"}}, {"model": "word_bank.userword", "pk": 135, "fields": {"word": 39, "user": 7, "points": 2, "mastery_level": 1, "added_at": "2023-10-09T16:21:39.246Z"}}, {"model": "word_bank.userword", "pk": 136, "fields": {"word": 61, "user": 7, "points": 0, "mastery_level": 0, "added_at": "2023-10-09T16:21:53.617Z"}}, {"model": "word_bank.userword", "pk": 137, "fields": {"word": 35, "user": 7, "points": 1, "mastery_level": 1, "added_at": "2023-10-09T16:22:45.785Z"}}, {"model": "word_bank.userword", "pk": 138, "fields": {"word": 36, "user": 7, "points": 0, "mastery_level": 0, "added_at": "2023-10-09T16:22:58.556Z"}}, {"model": "word_bank.userword", "pk": 139, "fields": {"word": 37, "user": 7, "points": 3, "mastery_level": 1, "added_at": "2023-10-09T16:23:08.088Z"}}, {"model": "word_bank.userword", "pk": 140, "fields": {"word": 38, "user": 7, "points": 3, "mastery_level": 1, "added_at": "2023-10-09T16:23:09.379Z"}}, {"model": "word_bank.userword", "pk": 141, "fields": {"word": 40, "user": 7, "points": 0, "mastery_level": 0, "added_at": "2023-10-09T16:23:14.675Z"}}, {"model": "word_bank.userword", "pk": 142, "fields": {"word": 34, "user": 7, "points": 1, "mastery_level": 1, "added_at": "2023-10-09T16:26:09.924Z"}}]